,,,,,,,,,,,,,,,,,,,,,,,,,,,,,,,,,,
,,,,,,,,,,,,,,,,,,,,,,,,,,,,,,,,,,
,,,,,,,,,,,,,,,,,,,,,,,,,,,,,,,,,,
CO_UNICOIPRESS,IPRESS,Departamento de Ubicación de IPRESS,Provincia de Ubicación de IPRESS,Distrito de Ubicación de IPRESS,"¿El establecimiento de salud es accesible?
(S / N)","¿La IPRESS puede acceder a via terrestre?
(S / N)","¿Cuenta con Agua corriente en los caños? 
(S / N)","¿Cuenta con Cisternas con agua?
(S / N)","¿Cuenta con Grupo electrógeno operativo?
(S / N)","¿Cuenta con Combustible suficiente?
(S / N)","¿Cuenta con Medicamentos e insumos para atencion de emergencias?
(S / N)",N° ambulancias operativas,"¿Cuenta con Centro Quirugico, Centro operativo?
(S / N)","¿Cuenta con Rayos X operativo?
(S / N)","¿Cuenta con Centro Obstetrico operativo?
(S / N)"," ¿Cuenta con  Emergencia operativa?
(S / N)","¿El Servicio de Hemodiálisis se encuentra operativo?
(S / N)","¿La UCI se encuentra operativa?
(S / N)","¿Banco de sangre se encuentra operativo?
(S / N)","¿El Serv. De Laboratorio se encuentra operativo?
(S / N)","¿El Serv. De Farmacia se encuentra operativa?
(S / N)","¿Cuenta con un Equipo de Reten Operativo?
(S / N)",Disponibilidad de oxígeno (S/N) ,"Sistema de telecomunicaciones (UHF, VHF, teléfono, celular, etc)",Turno de atención,Personal de salud médico por turnos Mañana       (Cant) ,Personal de salud médico por turnos TARDE       (Cant) ,Personal de salud médico por turnos Noche            (Cant) ,Numero de camas disponibles (en el momento del reporte),N° Médicos disponibles,N° Enfermeras disponibles,N° Obtetrices disponibles,N° Técnicos de Enfermería disponibles?,
00005617,HOSPITAL SAN JUAN DE LURIGANCHO,LIMA,LIMA,SAN JUAN DE LURIGANCHO,SI,SI,SI,SI,SI,SI,SI,3,SI,SI,SI,SI,NO,SI,SI,SI,SI,SI,SI,SI,12,2,1,1,0,147,176,43,165,
00005946,HOSPITAL NACIONAL HIPOLITO UNANUE,LIMA,LIMA,EL AGUSTINO,SI,SI,SI,SI,SI,SI,SI,1,SI,SI,SI,SI,SI,SI,SI,si,si,SI,SI,SI,12,2,1,1,0,285,0,0,0,
00005948,HOSPITAL HERMILIO VALDIZAN,LIMA,LIMA,SANTA ANITA,SI,SI,SI,NO,SI,SI,NO,2,No,SI,No,SI,NO,SI,NO,SI,SI,SI,SI,SI,12,2,1,1,120,60,85,0,120,
00005986,HOSPITAL REZOLA,LIMA,CAÑETE,SAN VICENTE DE CAÑETE,si,SI,si,si,si,si,si,2,si,SI,si,si,NO,si,si,si,si,si,SI,SI,12,2,1,1,141,50,83,20,111,
00006208,INSTITUTO NACIONAL MATERNO PERINATAL,LIMA,LIMA,LIMA,SI,SI,SI,SI,SI,SI,SI,5,SI,SI,SI,SI,SI,SI,SI,SI,SI,SI,SI,SI,12,2,1,1,44,120,82,49,102,
00006210,INSTITUTO NACIONAL DE ENFERMEDADES NEOPLASICAS,LIMA,LIMA,SURQUILLO,SI,SI,SI,SI,SI,SI,SI,1,SI,SI,NO,SI,SI,SI,SI,SI,SI,SI,SI,SI,12,2,1,1,8,0,0,0,0,
00006211,HOSPITAL DE APOYO SANTA ROSA,LIMA,LIMA,PUEBLO LIBRE,SI,SI,SI,SI,SI,SI,SI,2,SI,SI,SI,SI,NO,SI,SI,SI,SI,SI,SI,SI,12,2,1,1,7,0,0,0,0,
00006212,HOSPITAL DE EMERGENCIAS PEDIATRICAS,LIMA,LIMA,LA VICTORIA,SI,SI,SI,SI,NO,NO,SI,2,SI,SI,NO,SI,NO,SI,NO,SI,SI,SI,SI,SI,12,2,1,1,5,27,2,1,40,
00006214,HOSPITAL VICTOR LARCO HERRERA,LIMA,LIMA,MAGDALENA DEL MAR,SI,SI,SI,NO,SI,SI,SI,2,NO,SI,NO,NO,NO,NO,NO,SI,SI,SI,SI,SI,12,2,1,1,1,0,0,0,0,
00006215,HOSPITAL NACIONAL DOCENTE MADRE NIÑO SAN BARTOLOME,LIMA,LIMA,LIMA,si,SI,si,si,si,si,si,3,si,SI,si,si,no,si,si,si,si,si,SI,SI,12,2,1,1,50,133,108,36,134,
00006216,INSTITUTO NACIONAL DE SALUD DEL NIÑO,LIMA,LIMA,BREÑA,SI,SI,SI,SI,SI,SI,SI,2,SI,SI,NO,SI,SI,SI,SI,SI,SI,SI,SI,SI,12,2,1,1,0,0,0,0,0,
00007633,HOSPITAL NACIONAL CAYETANO HEREDIA,LIMA,LIMA,SAN MARTIN DE PORRES,SI,SI,SI,SI,SI,SI,SI,3,SI,SI,SI,SI,SI,SI,SI,SI,SI,NO,SI,SI,12,2,1,1,0,14,0,0,0,
00007637,HOSPITAL SAN JUAN BAUTISTA HUARAL,LIMA,HUARAL,HUARAL,SI,SI,SI,SI,SI,SI,SI,2,SI,SI,SI,SI,NO,SI,SI,SI,SI,SI,SI,SI,12,2,1,1,5,22,20,5,23,
00007639,HOSPITAL GENERAL DE HUACHO,LIMA,HUAURA,HUACHO,SI,SI,SI,SI,SI,SI,NO,4,SI,SI,SI,SI,SI,SI,SI,SI,SI,SI,SI,SI,12,2,1,1,168,120,220,100,250,
00007734,"INSTITUTO NACIONAL DE REHABILITACION ""DRA. ADRIANA REBAZA FLORES"" AMISTAD PERU - JAPON",LIMA,LIMA,CHORRILLOS,SI,SI,SI,SI,SI,SI,SI,2,NO,SI,NO,SI,NO,NO,NO,SI,SI,SI,SI,SI,12,2,1,1,32,70,20,0,120,
00008258,REJUVENECIMIENTO Y ESTETICA CABANI SRL,LIMA,LIMA,SAN BORJA,SI,SI,SI,SI,SI,SI,SI,2,SI,SI,NO,SI,NO,NO,SI,SI,NO,SI,SI,SI,12,2,1,1,4,3,1,0,3,
00008271,CLINICA NUEVO SAN JUAN SAC,LIMA,LIMA,SAN JUAN DE LURIGANCHO,SI,SI,SI,SI,SI,SI,SI,2,SI,SI,SI,SI,NO,SI,SI,SI,SI,si,SI,SI,12,2,1,1,15,30,50,2,60,
00008317,HOSPITAL AURELIO DIAZ UFANO Y PERAL,LIMA,LIMA,SAN JUAN DE LURIGANCHO,SI,SI,SI,NO,SI,SI,SI,0,SI,SI,SI,SI,NO,NO,SI,SI,SI,NO,SI,SI,12,2,1,1,4,0,0,0,0,
00008318,SEGURO SOCIAL DE SALUD,LIMA,LIMA,SANTA ANITA,si,SI,si,si,si,si,si,0,si,SI,si,si,no,no,si,si,si,si,SI,SI,12,2,1,1,9,31,27,9,6,
00008325,ASOCIACION PERUANO JAPONESA,LIMA,LIMA,PUEBLO LIBRE,SI,SI,SI,SI,SI,SI,SI,1,SI,SI,SI,SI,SI,SI,SI,SI,SI,SI,SI,SI,12,2,1,1,7,66,41,3,57,
00008351,CLINICA SAN BERNARDO S.A.,LIMA,LIMA,PUEBLO LIBRE,SI,SI,SI,SI,SI,NO,NO,0,SI,SI,NO,SI,NO,SI,SI,SI,NO,SI,SI,SI,12,2,1,1,18,3,5,0,12,
00008398,CLINICA EL GOLF,LIMA,LIMA,SAN ISIDRO,SI,SI,SI,SI,SI,SI,SI,0,SI,SI,SI,SI,SI,SI,SI,SI,SI,SI,SI,SI,12,2,1,1,52,192,0,11,0,
00008519,CLINICA UNIVERSITARIA S.A.C,LIMA,LIMA,COMAS,SI,SI,SI,SI,SI,SI,SI,2,SI,SI,SI,SI,NO,NO,SI,SI,SI,SI,SI,SI,12,2,1,1,40,8,20,2,10,
00008564,HOSPITAL I OCTAVIO MONGRUT MUÑOZ,LIMA,LIMA,SAN MIGUEL,SI,SI,SI,SI,SI,SI,SI,1,SI,SI,SI,SI,NO,NO,SI,SI,SI,SI,SI,SI,12,2,1,1,9,12,10,3,10,
00009090,PROMOTORA ASISTENCIAL S.A.C CLINICA LIMA TAMBO,LIMA,LIMA,SAN JUAN DE LURIGANCHO,SI,SI,SI,SI,SI,SI,SI,2,SI,SI,SI,SI,NO,NO,SI,SI,SI,SI,SI,SI,12,2,1,1,30,60,30,6,50,
00009104,CLINICA SAN MIGUEL ARCANGEL S.A.C.,LIMA,LIMA,SAN JUAN DE LURIGANCHO,SI,SI,SI,SI,SI,SI,SI,1,SI,SI,SI,SI,NO,SI,SI,SI,SI,SI,SI,SI,12,2,1,1,15,45,15,10,8,
00009123,BRITISH AMERICAN HOSPITAL S.A,LIMA,LIMA,SAN ISIDRO,SI,SI,SI,SI,SI,SI,SI,1,SI,SI,SI,SI,SI,si,SI,SI,SI,SI,SI,SI,12,2,1,1,97,60,80,1,60,
00009145,CLINICA MONTE SINAI SA,LIMA,LIMA,LINCE,SI,SI,SI,SI,SI,SI,SI,1,SI,SI,SI,SI,NO,NO,SI,SI,SI,SI,SI,SI,12,2,1,1,6,30,8,1,8,
00009153,CLINICA MONTEFIORI,LIMA,LIMA,LA MOLINA,si,SI,si,si,si,si,si,1,si,SI,si,si,no,SI,SI,si,si,si,SI,SI,12,2,1,1,12,28,8,2,8,
00009188,HOSPITAL II RAMÓN CASTILLA,LIMA,LIMA,LIMA,SI,SI,SI,SI,SI,SI,SI,1,SI,SI,SI,SI,NO,NO,NO,SI,SI,NO,SI,SI,12,2,1,1,5,90,70,12,70,
00009409,CLINICA RICARDO PALMA(SAN ISIDRO),LIMA,LIMA,SAN ISIDRO,SI,SI,SI,SI,SI,SI,SI,2,SI,SI,SI,SI,SI,SI,SI,SI,SI,SI,SI,SI,12,2,1,1,8,0,0,0,0,
00009431,CLINICA DE OTORRINO SAC,LIMA,LIMA,LA VICTORIA,SI,SI,SI,SI,SI,SI,SI,0,SI,SI,NO,NO,NO,no,NO,NO,NO,NO,SI,SI,12,2,1,1,3,2,1,0,2,
00009641,CLINICA MUNDO SALUD SAC,LIMA,LIMA,LOS OLIVOS,SI,SI,SI,SI,SI,SI,SI,2,SI,SI,SI,SI,NO,NO,SI,SI,SI,SI,SI,SI,12,2,1,1,11,6,7,1,4,
00009682,CLINICA INTERNACIONAL S.A.,LIMA,LIMA,SAN BORJA,SI,SI,SI,SI,SI,SI,SI,2,SI,SI,SI,SI,NO,SI,SI,SI,SI,SI,SI,SI,12,2,1,1,190,1200,550,30,800,
00009850,VESALIO S.A.,LIMA,LIMA,SAN BORJA,SI,SI,SI,SI,SI,SI,SI,2,SI,SI,SI,SI,NO,SI,SI,SI,SI,SI,SI,SI,12,2,1,1,10,174,102,5,100,
00009888,CLINICA UNIPLAST S.A.C.,LIMA,LIMA,SAN ISIDRO,SI,SI,SI,SI,si,SI,SI,1,SI,SI,SI,SI,NO,NO,NO,NO,NO,SI,SI,SI,12,2,1,1,5,5,3,0,1,
00009982,SERVICIOS MEDICOS REPROMEDIC S.A.C,LIMA,LIMA,JESUS MARIA,si,SI,si,si,si,si,si,0,si,SI,no,no,no,no,si,si,si,si,SI,SI,12,2,1,1,2,3,5,1,3,
00009988,CLINICA SAN PABLO S.A.C.,LIMA,LIMA,SANTIAGO DE SURCO,SI,SI,SI,SI,SI,SI,SI,0,SI,SI,SI,SI,SI,SI,SI,SI,SI,SI,SI,SI,12,2,1,1,0,0,0,0,0,
#ERROR!,DOMINGO OLAVEGOYA,LIMA,LIMA,SANTIAGO DE SURCO,SI,SI,SI,SI,SI,SI,SI,0,SI,SI,SI,SI,NO,NO,SI,SI,SI,SI,SI,SI,12,2,1,1,90,45,0,0,0,
00010200,CUYUBAMBA REINOSO JORGE LUIS,LIMA,LIMA,LINCE,SI,SI,SI,SI,SI,SI,SI,1,SI,SI,NO,SI,NO,SI,SI,SI,SI,SI,SI,SI,12,2,1,1,15,8,10,0,15,
00010251,CLINICA MAISON DE SANTE DEL SUR,LIMA,LIMA,CHORRILLOS,SI,SI,SI,SI,SI,SI,SI,2,SI,SI,SI,SI,NO,SI,SI,SI,SI,SI,SI,SI,12,2,1,1,15,8,0,0,0,
00010669,INSTITUTO PERUANO DE LA VISION,LIMA,LIMA,JESUS MARIA,SI,SI,SI,NO,SI,SI,SI,2,SI,SI,NO,NO,NO,NO,NO,NO,NO,SI,SI,SI,12,2,1,1,0,3,1,0,3,
00010831,centro Especializado en Odontoestomatología,LIMA,LIMA,PUEBLO LIBRE,SI,SI,SI,SI,SI,SI,SI,0,NO,SI,NO,NO,NO,NO,NO,NO,NO,NO,SI,SI,12,2,1,1,0,8,0,0,0,
00011056,SERV.MED.ESPECIALIZADOS OFTALMIC SERVICE,LIMA,LIMA,SAN BORJA,SI,SI,SI,NO,SI,SI,NO,0,SI,SI,NO,NO,NO,NO,NO,NO,NO,NO,SI,SI,12,2,1,1,0,4,1,0,0,
00011241,CLINICA SAN VICENTE S.A.,LIMA,LIMA,SAN MARTIN DE PORRES,SI,SI,SI,SI,SI,SI,SI,1,SI,SI,SI,SI,NO,SI,SI,SI,SI,SI,SI,SI,12,2,1,1,12,6,6,3,10,
00011849,CLINICA MIRAFLORES,LIMA,LIMA,MIRAFLORES,SI,SI,SI,SI,SI,SI,SI,2,SI,SI,SI,SI,NO,NO,SI,SI,SI,SI,SI,SI,12,2,1,1,20,24,15,5,20,
00012106,GROUP CORPORACION G & R S.A.C.,LIMA,LIMA,LOS OLIVOS,SI,SI,SI,SI,SI,SI,SI,2,SI,SI,SI,SI,NO,SI,SI,SI,SI,SI,SI,SI,12,2,1,1,6,5,2,2,4,
00012206,DETECTA CLINICA,LIMA,LIMA,SURQUILLO,SI,SI,SI,SI,SI,SI,SI,1,SI,SI,NO,SI,NO,NO,SI,SI,SI,NO,SI,SI,12,2,1,1,4,60,20,0,20,
00012219,CLINICA MONTESUR,LIMA,LIMA,SANTIAGO DE SURCO,SI,SI,SI,SI,SI,SI,SI,2,SI,SI,SI,SI,NO,SI,SI,SI,SI,SI,SI,SI,12,2,1,1,14,5,7,2,20,
00012220,CLINICA REAL LOS LAURELES S.A.C,LIMA,LIMA,CHORRILLOS,SI,SI,NO,SI,SI,NO ,NO ,1,SI,SI,NO,SI,NO,NO,SI,SI,SI,NO,SI,SI,12,2,1,1,7,2,1,0,2,
00012263,CLINICA PLASTICA SAC,LIMA,LIMA,SANTIAGO DE SURCO,SI,SI,SI,SI,NO,NO,SI,0,SI,SI,NO,NO,NO,NO,NO,NO,NO,NO,SI,SI,12,2,1,1,3,6,3,0,2,
00012492,VISUAL OPHTHALMICS E.I.R.L.,LIMA,LIMA,PUEBLO LIBRE,SI,SI,SI,SI,SI,SI,SI,0,SI,SI,NO,NO,NO,NO,NO,NO,SI,NO,SI,SI,12,2,1,1,0,6,1,0,3,
00012633,CLINICA JAVIER PRADO,LIMA,LIMA,SAN ISIDRO,SI,SI,SI,SI,SI,SI,SI,2,SI,SI,SI,SI,NO,SI,SI,SI,SI,SI,SI,SI,12,2,1,1,20,25,45,12,60,
00014181,CENTRAL COOPERATIVA DE SERVICIOS SERVIPERU LTDA.,LIMA,LIMA,JESUS MARIA,SI,SI,SI,SI,SI,SI,SI,1,SI,SI,NO,NO,NO,NO,SI,SI,SI,NO,SI,SI,12,2,1,1,8,20,8,1,12,
00015143,ASTOCONDOR SALAZAR EPIFANIO FRANCISCO,LIMA,LIMA,SAN BORJA,SI,SI,NO,SI,SI,SI,SI,2,SI,SI,NO,NO,NO,NO,NO,NO,NO,NO,SI,SI,12,2,1,1,2,2,1,0,0,
00015904,RED DE SALUD CLINICA S.A.C.,LIMA,LIMA,LINCE,SI,SI,SI,SI,SI,SI,SI,3,SI,SI,SI,SI,NO,SI,SI,SI,SI,SI,SI,SI,12,2,1,1,24,54,30,8,30,
00016005,ASOCIACION PRO VIDA PADRE BRUNO TRAVERSO,LIMA,LIMA,CHORRILLOS,SI,SI,SI,SI,SI,SI,NO,0,SI,SI,SI,SI,NO,NO,SI,SI,NO,SI,SI,SI,12,2,1,1,8,8,0,0,0,
00016121,CENTRO MEDICO AVENDAÑO S.A.C.,LIMA,LIMA,MIRAFLORES,SI,SI,SI,SI,SI,SI,SI,1,SI,SI,NO,NO,NO,NO,NO,SI,SI,SI,SI,SI,12,2,1,1,5,3,2,0,5,
00016291,PIRPALAP SAC,LIMA,LIMA,LIMA,SI,SI,SI,SI,SI,SI,SI,1,SI,SI,SI,SI,NO,NO,SI,SI,SI,SI,SI,SI,12,2,1,1,20,30,12,2,10,
00016353,INSTITUTO MATERNO INFANTIL MONTENOR S.A.C.,LIMA,LIMA,PUENTE PIEDRA,si,SI,si,si,si,si,si,1,si,SI,si,si,no,no,no,si,si,si,SI,SI,12,2,1,1,20,4,3,5,7,
00017173,CLINICA DE MUJERES SAC,LIMA,LIMA,JESUS MARIA,SI,SI,SI,SI,SI,NO,SI,2,SI,SI,NO,SI,NO,NO,SI,SI,SI,SI,SI,SI,12,2,1,1,10,6,2,1,2,
00018011,INSTITUTO NACIONAL CARDIOVASCULAR CARLOS ALBERTO PESCHIERA CARRILLO - INCOR,LIMA,LIMA,JESUS MARIA,SI,SI,SI,SI,SI,SI,NO,0,SI,SI,NO,NO,NO,SI,SI,SI,SI,SI,SI,SI,12,2,1,1,150,120,204,0,95,
00018626,OFTALMICA S.A.,LIMA,LIMA,SAN BORJA,SI,SI,SI,SI,SI,SI,SI,0,si,SI,,NO,NO,NO,NO,NO,NO,NO,SI,SI,12,2,1,1,2,4,2,0,4,
00018985,CLINICA SANTA MARIA DEL SUR,LIMA,LIMA,SAN JUAN DE MIRAFLORES,SI,SI,SI,SI,SI,SI,SI,0,SI,SI,SI,SI,SI,SI,SI,SI,SI,SI,SI,SI,12,2,1,1,0,0,8,0,0,
5823,C.S. Villa Estela,Lima,NA,NA,SI,SI,SI,SI,NO,NO,SI,0,NO,SI,NO,SI,NO,NO,NO,SI,SI,NO,SI,SI,12,2,1,0,8,3,4,3,9,
5818,C.S Jerusalen,Lima,NA,NA,SI,SI,SI,SI,NO,NO,SI,0,NO,SI,NO,SI,NO,NO,NO,SI,SI,NO,SI,SI,12,1,1,0,8,2,4,2,7,
5825,C.S. Virgen de las Mercedes,Lima,NA,NA,SI,SI,SI,SI,NO,NO,SI,0,NO,SI,NO,SI,NO,NO,NO,SI,SI,NO,SI,SI,12,1,1,0,8,2,2,2,2,
10633,P.S Oropeza Chonta,Lima,NA,NA,SI,SI,SI,SI,NO,NO,SI,0,NO,SI,NO,SI,NO,NO,NO,SI,SI,NO,SI,SI,12,1,1,0,8,2,2,2,2,
5824,P.S. San José,Lima,NA,NA,SI,SI,SI,SI,NO,NO,SI,0,NO,SI,NO,SI,NO,NO,NO,SI,SI,NO,SI,SI,12,1,1,0,8,2,2,2,2,
14727,P.S. Profam,Lima,NA,NA,SI,SI,NO,SI,NO,SI,SI,1,NO,SI,NO,SI,NO,NO,NO,SI,SI,NO,SI,SI,12,1,1,0,8,2,2,2,2,
16525,P.S. Villas de Ancón,Lima,NA,NA,SI,SI,NO,SI,NO,SI,SI,0,NO,SI,NO,SI,NO,NO,NO,NO,SI,NO,SI,SI,12,1,1,0,8,2,2,2,2,
5821,C.S.M.I Los Sureños,Lima,NA,NA,SI,SI,SI,SI,NO,SI,SI,1,NO,SI,SI,SI,NO,NO,NO,SI,SI,NO,SI,SI,24,2,1,1,8,9,12,2,15,
5817,C.S.M.I. Santa Rosa,Lima,NA,NA,SI,SI,SI,SI,NO,SI,SI,0,NO,SI,SI,SI,NO,NO,NO,SI,SI,NO,SI,SI,24,2,1,1,8,10,8,11,2,
5819,C.S. Laderas de Chillón,Lima,NA,NA,SI,SI,SI,SI,NO,SI,SI,0,NO,SI,NO,SI,NO,NO,NO,SI,SI,SI,SI,SI,12,2,1,0,8,4,4,2,2,
7735,C.S. Juan Pablo II,Lima,NA,NA,SI,SI,NO,SI,NO,NO,SI,0,NO,SI,NO,SI,NO,NO,NO,SI,SI,NO,SI,SI,12,1,1,0,8,2,3,2,0,
5815,P.S. Sagrado Corazón de Jesús,Lima,NA,NA,SI,SI,SI,SI,NO,NO,SI,0,NO,SI,NO,SI,NO,NO,NO,SI,SI,SI,SI,SI,12,1,1,0,8,2,3,2,2,
7138,P.S. San Benito,Lima,NA,NA,SI,SI,NO,NO,NO,NO,SI,0,NO,SI,NO,SI,NO,NO,NO,SI,SI,NO,SI,SI,12,1,1,0,8,2,2,2,2,
6153,CMI Daniel Alcides Carrion,Lima,NA,NA,SI,SI,SI,SI,SI,SI,SI,1,NO,SI,SI,SI,NO,NO,NO,SI,SI,NO,SI,SI,24,2,1,1,8,17,9,9,4,
6161,PS Torres de Melgar,Lima,NA,NA,SI,SI,SI,NO,NO,NO,SI,0,NO,SI,NO,NO,NO,NO,NO,NO,SI,NO,NO,SI,6,2,1,1,8,1,1,1,1,
6160,PS Micaela Bastidas,Lima,NA,NA,SI,SI,SI,NO,NO,NO,SI,0,NO,SI,NO,NO,NO,NO,NO,NO,SI,NO,NO,SI,6,2,1,1,8,1,1,1,1,
6164,CMI Tablada de Lurin,Lima,NA,NA,SI,SI,SI,SI,NO,SI,SI,1,NO,SI,SI,SI,NO,NO,NO,SI,SI,NO,SI,SI,24,2,1,1,8,11,9,14,4,
6150,PS Las conchitas,Lima,NA,NA,SI,SI,SI,NO,NO,NO,SI,0,NO,SI,NO,NO,NO,NO,NO,NO,SI,NO,NO,SI,6,2,1,1,8,1,1,1,1,
6149,PS David Guerrero Duarte,Lima,NA,NA,SI,SI,SI,NO,NO,NO,SI,0,NO,SI,NO,NO,NO,NO,NO,NO,SI,NO,NO,SI,6,2,1,1,8,1,1,1,1,
6151,CMI Villa Maria del Triunfo,Lima,NA,NA,SI,SI,SI,SI,NO,SI,SI,1,NO,SI,SI,SI,NO,NO,NO,SI,SI,NO,SI,SI,24,2,1,1,8,20,7,15,4,
6154,PS Santa Rosa de Belen,Lima,NA,NA,SI,SI,SI,NO,NO,NO,SI,0,NO,SI,NO,NO,NO,NO,NO,NO,SI,NO,NO,SI,6,2,1,1,8,1,1,1,1,
6157,PS Buenos Aires,Lima,NA,NA,SI,SI,SI,NO,NO,NO,SI,0,NO,SI,NO,NO,NO,NO,NO,NO,SI,NO,NO,SI,6,2,1,1,8,1,1,1,1,
6158,PS Villa Limatambo,Lima,NA,NA,SI,SI,SI,NO,NO,NO,SI,0,NO,SI,NO,NO,NO,NO,NO,NO,SI,NO,NO,SI,6,2,1,1,8,1,1,1,1,
16630,PS 12 de Junio,Lima,NA,NA,SI,SI,SI,NO,NO,NO,SI,0,NO,SI,NO,NO,NO,NO,NO,NO,SI,NO,NO,SI,6,2,1,1,8,1,1,1,1,
6152,CMI Jose Carlos Mariategui,Lima,NA,NA,SI,SI,SI,NO,NO,SI,SI,1,NO,SI,SI,SI,NO,NO,NO,SI,SI,NO,SI,SI,24,2,1,1,8,27,15,20,4,
17440,PS Juan Carlos Soberon,Lima,NA,NA,SI,SI,SI,NO,NO,NO,SI,0,NO,SI,NO,NO,NO,NO,NO,NO,SI,NO,NO,SI,6,2,1,1,8,1,1,1,1,
6155,Centro de Salud Mental,Lima,NA,NA,SI,SI,SI,NO,NO,NO,SI,0,NO,SI,NO,NO,NO,NO,NO,NO,SI,NO,NO,SI,12,2,1,1,8,2,1,1,1,
9565,PS Paraiso Alto,Lima,NA,NA,SI,SI,SI,NO,NO,NO,SI,0,NO,SI,NO,NO,NO,NO,NO,NO,SI,NO,NO,SI,6,2,1,1,8,1,1,1,1,
6159,PS Valle Alto,Lima,NA,NA,SI,SI,SI,NO,NO,NO,SI,0,NO,SI,NO,NO,NO,NO,NO,NO,SI,NO,NO,SI,6,2,1,1,8,1,1,1,1,
6156,PS Valle Bajo,Lima,NA,NA,SI,SI,SI,NO,NO,NO,SI,0,NO,SI,NO,NO,NO,NO,NO,NO,SI,NO,NO,SI,6,2,1,1,8,1,1,1,1,
15544,CAM Tayta Wasi,Lima,NA,NA,SI,SI,SI,NO,NO,NO,SI,0,NO,SI,NO,NO,NO,NO,NO,NO,SI,NO,NO,SI,12,2,1,1,8,2,1,1,1,
6141,CMI Jose Galvez,Lima,NA,NA,SI,SI,SI,SI,NO,SI,SI,1,NO,SI,SI,SI,NO,NO,NO,SI,SI,NO,SI,SI,24,2,1,1,8,16,11,12,4,
6145,PS Nuevo Progreso,Lima,NA,NA,SI,SI,SI,NO,NO,NO,SI,0,NO,NO,NO,NO,NO,NO,NO,NO,SI,NO,NO,SI,6,2,1,1,8,1,1,1,1,
6146,PS Modulo I,Lima,NA,NA,SI,SI,SI,NO,NO,NO,SI,0,NO,NO,NO,NO,NO,NO,NO,NO,SI,NO,NO,SI,6,2,1,1,8,1,1,1,1,
12847-2932193,PS Ciudad de Gocen,Lima,NA,NA,SI,SI,SI,NO,NO,NO,SI,0,NO,NO,NO,NO,NO,NO,NO,NO,SI,NO,NO,SI,6,2,1,1,8,1,1,1,1,
6140,CS Nueva Esperanza,Lima,NA,NA,SI,SI,SI,SI,NO,SI,SI,1,NO,SI,NO,SI,NO,NO,NO,SI,SI,NO,SI,SI,12,2,1,1,8,15,9,9,2,
6142,PS Virgen de Lourdes,Lima,NA,NA,SI,SI,SI,NO,NO,NO,SI,0,NO,NO,NO,NO,NO,NO,NO,NO,SI,NO,NO,SI,6,2,1,1,8,1,1,1,1,
6144,PS Cesar Vallejo,Lima,NA,NA,SI,SI,SI,NO,NO,NO,SI,0,NO,NO,NO,NO,NO,NO,NO,NO,SI,NO,NO,SI,6,2,1,1,8,1,1,1,1,
6143,PS Nueva Esperanza Alta,Lima,NA,NA,SI,SI,SI,NO,NO,NO,SI,0,NO,NO,NO,NO,NO,NO,NO,NO,SI,NO,NO,SI,6,2,1,1,8,1,1,1,1,
6104,CMI Manuel Barreto,Lima,NA,NA,SI,SI,SI,SI,NO,SI,SI,1,NO,SI,SI,SI,NO,NO,NO,SI,SI,NO,SI,SI,24,2,1,1,8,28,14,17,4,
6110,PS San Francisco de la Cruz,Lima,NA,NA,SI,SI,SI,NO,NO,NO,SI,0,NO,NO,NO,NO,NO,NO,NO,NO,SI,NO,NO,SI,6,2,1,1,8,1,1,1,1,
6108,PS Virgen del Buen Paso,Lima,NA,NA,SI,SI,SI,NO,NO,NO,SI,0,NO,NO,NO,NO,NO,NO,NO,NO,SI,NO,NO,SI,6,2,1,1,8,1,1,1,1,
13486,PS Marianne Preuss de Stark,Lima,NA,NA,SI,SI,SI,NO,NO,NO,SI,0,NO,NO,NO,NO,NO,NO,NO,NO,SI,NO,NO,SI,6,2,1,1,8,1,1,1,1,
6107,CMI Ollantay ,Lima,NA,NA,SI,SI,SI,NO,NO,SI,SI,1,NO,SI,SI,SI,NO,NO,NO,SI,SI,NO,SI,SI,24,2,1,1,8,29,13,18,4,
6112,PS La rinconada,Lima,NA,NA,SI,SI,SI,NO,NO,NO,SI,0,NO,NO,NO,NO,NO,NO,NO,NO,SI,NO,NO,SI,6,2,1,1,8,1,1,1,1,
6872,PS Jose Maria Arguedas,Lima,NA,NA,SI,SI,SI,NO,NO,NO,SI,0,NO,NO,NO,NO,NO,NO,NO,NO,SI,NO,NO,SI,6,2,1,1,8,1,1,1,1,
6163,PS Leoncio Prado,Lima,NA,NA,SI,SI,SI,NO,NO,NO,SI,0,NO,NO,NO,NO,NO,NO,NO,NO,SI,NO,NO,SI,6,2,1,1,8,1,1,1,1,
7645,PS 05 de Mayo,Lima,NA,NA,SI,SI,SI,NO,NO,NO,SI,0,NO,NO,NO,NO,NO,NO,NO,NO,SI,NO,NO,SI,6,2,1,1,8,1,1,1,1,
23635,PS Desiderio Moscoso Castillo,Lima,NA,NA,SI,SI,SI,NO,NO,NO,SI,0,NO,NO,NO,NO,NO,NO,NO,NO,SI,NO,NO,SI,6,2,1,1,8,1,1,1,1,
6105,CS Leonor Saavedra,Lima,NA,NA,SI,SI,SI,SI,NO,NO,SI,1,NO,SI,NO,SI,NO,NO,NO,SI,SI,NO,SI,SI,24,2,1,1,8,18,10,8,4,
6109,CS Jesus Poderoso,Lima,NA,NA,SI,SI,SI,NO,NO,NO,SI,0,NO,NO,NO,NO,NO,NO,NO,NO,SI,NO,NO,SI,12,2,1,1,8,1,1,1,1,
6114,PS 06 de Julio,Lima,NA,NA,SI,SI,SI,NO,NO,NO,SI,0,NO,NO,NO,NO,NO,NO,NO,NO,SI,NO,NO,SI,6,2,1,1,8,1,1,1,1,
6106,CS Villa San Luis,Lima,NA,NA,SI,SI,SI,SI,NO,NO,SI,0,NO,NO,NO,NO,NO,NO,NO,NO,SI,NO,SI,SI,12,2,1,1,8,7,5,5,2,
6113,PS El Brillante,Lima,NA,NA,SI,SI,SI,NO,NO,NO,SI,0,NO,NO,NO,NO,NO,NO,NO,NO,SI,NO,NO,SI,6,2,1,1,8,1,1,1,1,
6111,PS 12 de Noviembre,Lima,NA,NA,SI,SI,SI,NO,NO,NO,SI,0,NO,NO,NO,NO,NO,NO,NO,NO,SI,NO,NO,SI,6,2,1,1,8,1,1,1,1,
6122,CS Trebol Azul,Lima,NA,NA,SI,SI,SI,SI,NO,SI,SI,1,NO,SI,NO,SI,NO,NO,NO,SI,SI,NO,SI,SI,12,2,1,1,8,15,12,10,2,
6119,PS Ricardo Palma,Lima,NA,NA,SI,SI,SI,NO,NO,NO,SI,0,NO,NO,NO,NO,NO,NO,NO,NO,SI,NO,NO,SI,6,2,1,1,8,1,1,1,1,
6121,PS Santa Ursula,Lima,NA,NA,SI,SI,SI,NO,NO,NO,SI,0,NO,NO,NO,NO,NO,NO,NO,NO,SI,NO,NO,SI,6,2,1,1,8,1,1,1,1,
7434,PS Laderas de Villa,Lima,NA,NA,SI,SI,SI,NO,NO,NO,SI,0,NO,NO,NO,NO,NO,NO,NO,NO,SI,NO,NO,SI,6,2,1,1,8,1,1,1,1,
6117,PS Pampas de San Juan,Lima,NA,NA,SI,SI,SI,NO,NO,NO,SI,0,NO,NO,NO,NO,NO,NO,NO,NO,SI,NO,NO,SI,6,2,1,1,8,1,1,1,1,
6115,CS San Juan de Miraflores,Lima,NA,NA,SI,SI,SI,SI,NO,NO,SI,1,NO,SI,NO,SI,NO,NO,NO,SI,SI,NO,SI,SI,12,2,1,1,8,8,7,6,2,
6116,PS Valle Saron,Lima,NA,NA,SI,SI,SI,NO,NO,NO,SI,0,NO,NO,NO,NO,NO,NO,NO,NO,SI,NO,NO,SI,6,2,1,1,8,1,1,1,1,
6118,PS Villa Solidaridad,Lima,NA,NA,SI,SI,SI,NO,NO,NO,SI,0,NO,NO,NO,NO,NO,NO,NO,NO,SI,NO,NO,SI,6,2,1,1,8,1,1,1,1,
6120,PS El Paraiso,Lima,NA,NA,SI,SI,SI,NO,NO,NO,SI,0,NO,NO,NO,NO,NO,NO,NO,NO,SI,NO,NO,SI,6,2,1,1,8,1,1,1,1,
6123,PS Heroes del Pacifico,Lima,NA,NA,SI,SI,SI,NO,NO,NO,SI,0,NO,NO,NO,NO,NO,NO,NO,NO,SI,NO,NO,SI,6,2,1,1,8,1,1,1,1,
06132,CMI SAN JOSE,Lima,NA,NA,SI,SI,SI,SI,NO,SI,SI,0,NO,SI,SI,SI,NO,NO,NO,SI,SI,NO,SI,SI,12,2,1,1,8,21,12,10,20,
06134,PUESTO DE SALUD SEÑOR DE LOS MILAGROS,Lima,NA,NA,SI,SI,SI,NO,NO,SI,SI,0,NO,NO,NO,NO,NO,NO,NO,NO,SI,NO,SI,SI,12,2,1,1,8,1,2,2,2,
06135,PUESTO DE SALUD LLANAVILLA,Lima,NA,NA,SI,SI,SI,NO,NO,SI,SI,0,NO,NO,NO,NO,NO,NO,NO,NO,SI,NO,SI,SI,12,2,1,1,8,1,2,2,2,
06124,CMI CESAR LOPEZ SILVA,Lima,NA,NA,SI,SI,SI,SI,NO,SI,SI,0,NO,SI,SI,SI,NO,NO,NO,SI,SI,NO,SI,SI,12,2,1,1,8,22,15,13,21,
06129,PS. BRISAS DE PACHACAMAC,Lima,NA,NA,SI,SI,SI,NO,NO,SI,SI,0,NO,NO,NO,NO,NO,NO,NO,NO,SI,NO,SI,SI,12,2,1,1,8,1,2,2,2,
06128,PS. EDILBERTO RAMOS,Lima,NA,NA,SI,SI,SI,NO,NO,SI,SI,0,NO,NO,NO,NO,NO,NO,NO,NO,SI,NO,SI,SI,12,2,1,1,8,1,2,2,2,
07278,PS. HEROES DE CENEPA,Lima,NA,NA,SI,SI,SI,NO,NO,SI,SI,0,NO,NO,NO,NO,NO,NO,NO,NO,SI,NO,SI,SI,12,2,1,1,8,1,2,2,2,
06126,PS. PRINCIPE DE ASTURIAS,Lima,NA,NA,SI,SI,SI,NO,NO,SI,SI,0,NO,NO,NO,NO,NO,NO,NO,NO,SI,NO,SI,SI,12,2,1,1,8,1,2,2,2,
06127,PS. PACHACAMAC,Lima,NA,NA,SI,SI,SI,SI,NO,SI,SI,0,NO,NO,NO,NO,NO,NO,NO,NO,SI,NO,SI,SI,12,2,1,1,8,1,2,2,2,
06125,CENTRO DE SALUD SAN MARTIN DE PORRES,Lima,NA,NA,SI,SI,SI,NO,NO,SI,SI,2,NO,NO,NO,SI,NO,NO,NO,SI,SI,NO,SI,SI,12,2,1,1,8,10,9,7,9,
06130,PUESTO DE SALUD VIRGEN DE ASUNCION,Lima,NA,NA,SI,SI,SI,NO,NO,SI,SI,0,NO,NO,NO,NO,NO,NO,NO,NO,SI,NO,SI,SI,12,2,1,1,8,1,2,2,2,
06131,PUESTO DE SALUD SAGRADA FAMILIA,Lima,NA,NA,SI,SI,SI,NO,NO,SI,SI,0,NO,NO,NO,NO,NO,NO,NO,NO,SI,NO,SI,SI,12,2,1,1,8,1,2,2,2,
06133,MR JUAN PABLO II,Lima,NA,NA,SI,SI,SI,SI,NO,SI,SI,2,NO,SI,SI,SI,NO,NO,NO,SI,SI,NO,SI,SI,12,2,1,1,8,25,23,13,22,
06137,PS. CRISTO SALVADOR,Lima,NA,NA,SI,SI,SI,NO,NO,SI,SI,0,NO,NO,NO,NO,NO,NO,NO,NO,SI,NO,SI,SI,12,2,1,1,8,1,2,2,2,
06139,PS. OASIS DE VILLA,Lima,NA,NA,SI,SI,SI,NO,NO,SI,SI,0,NO,NO,NO,NO,NO,NO,NO,NO,SI,NO,SI,SI,12,2,1,1,8,1,2,2,2,
06136,PS. FERNANDO LUYO SIERRA,Lima,NA,NA,SI,SI,SI,NO,NO,SI,SI,0,NO,NO,NO,NO,NO,NO,NO,NO,SI,NO,SI,SI,12,2,1,1,8,1,2,2,2,
06138,PS. SARITA COLONIA,Lima,NA,NA,SI,SI,SI,NO,NO,SI,SI,0,NO,NO,NO,NO,NO,NO,NO,NO,SI,NO,SI,SI,12,2,1,1,8,1,2,2,2,
07716,PS. SASBI,Lima,NA,NA,SI,SI,SI,NO,NO,SI,SI,0,NO,NO,NO,NO,NO,NO,NO,NO,SI,NO,SI,SI,12,2,1,1,8,1,2,2,2,
06079,CMI LURIN,Lima,NA,NA,SI,SI,SI,SI,NO,SI,SI,2,NO,SI,SI,SI,NO,NO,NO,SI,SI,NO,SI,SI,12,2,1,1,8,15,11,9,10,
06081,CLAS NUEVO LURIN,Lima,NA,NA,SI,SI,SI,NO,NO,SI,SI,0,NO,NO,NO,NO,NO,NO,NO,NO,SI,NO,SI,SI,12,2,1,1,8,1,2,2,2,
06080,CLAS JULIO C. TELLO,Lima,NA,NA,SI,SI,SI,NO,NO,SI,SI,0,NO,NO,NO,NO,NO,NO,NO,NO,SI,NO,SI,SI,12,2,1,1,8,1,2,2,2,
06082,CLAS VILLA ALEJANDRO,Lima,NA,NA,SI,SI,SI,NO,NO,SI,SI,0,NO,NO,NO,NO,NO,NO,NO,NO,SI,NO,SI,SI,12,2,1,1,8,1,2,2,2,
06083,P.S. BUENA VISTA,Lima,NA,NA,SI,SI,SI,NO,NO,SI,SI,0,NO,NO,NO,NO,NO,NO,NO,NO,SI,NO,SI,SI,12,2,1,1,8,1,2,2,2,
16852,P.S. MARTHA MILAGROS BAJA,Lima,NA,NA,SI,SI,SI,NO,NO,SI,SI,0,NO,NO,NO,NO,NO,NO,NO,NO,SI,NO,SI,SI,12,2,1,1,8,1,2,2,2,
06090,CS. PACHACAMAC,Lima,NA,NA,SI,SI,SI,SI,NO,SI,SI,2,NO,SI,NO,SI,NO,NO,NO,SI,SI,NO,SI,SI,12,2,1,1,8,12,9,7,10,
06091,CS. MANCHAY ALTO,Lima,NA,NA,SI,SI,SI,NO,NO,SI,SI,0,NO,NO,NO,NO,NO,NO,NO,NO,SI,NO,SI,SI,12,2,1,1,8,1,2,2,2,
06098,PS. TAMBO INGA,Lima,NA,NA,SI,SI,SI,NO,NO,SI,SI,0,NO,NO,NO,NO,NO,NO,NO,NO,SI,NO,SI,SI,12,2,1,1,8,1,2,2,2,
06097,PS PICAPIEDRA,Lima,NA,NA,SI,SI,SI,NO,NO,SI,SI,0,NO,NO,NO,NO,NO,NO,NO,NO,SI,NO,SI,SI,12,2,1,1,8,1,2,2,2,
06096,PS GUAYABO,Lima,NA,NA,SI,SI,SI,NO,NO,SI,SI,0,NO,NO,NO,NO,NO,NO,NO,NO,SI,NO,SI,SI,12,2,1,1,8,1,2,2,2,
06095,PS QUEBRADA VERDE,Lima,NA,NA,SI,SI,SI,NO,NO,SI,SI,0,NO,NO,NO,NO,NO,NO,NO,NO,SI,NO,SI,SI,12,2,1,1,8,1,2,2,2,
06094,PS PAMPA GRANDE,Lima,NA,NA,SI,SI,SI,NO,NO,SI,SI,0,NO,NO,NO,NO,NO,NO,NO,NO,SI,NO,SI,SI,12,2,1,1,8,1,2,2,2,
06093,PS CLAS VILLA LIBERTAD,Lima,NA,NA,SI,SI,SI,NO,NO,SI,SI,0,NO,NO,NO,NO,NO,NO,NO,NO,SI,NO,SI,SI,12,2,1,1,8,1,2,2,2,
06099,PS CARDAL,Lima,NA,NA,SI,SI,SI,NO,NO,SI,SI,0,NO,NO,NO,NO,NO,NO,NO,NO,SI,NO,SI,SI,12,2,1,1,8,1,2,2,2,
06092,CS. PORTADA DE MANCHAY,Lima,NA,NA,SI,SI,SI,SI,NO,SI,SI,2,NO,NO,SI,SI,NO,NO,NO,SI,SI,NO,SI,SI,12,2,1,1,8,16,14,12,19,
06102,PS. HUERTOS DE MANCHAY,Lima,NA,NA,SI,SI,SI,NO,NO,SI,SI,0,NO,NO,NO,NO,NO,NO,NO,NO,SI,NO,SI,SI,12,2,1,1,8,1,2,2,2,
06103,PS. PARQUES DE MANCHAY,Lima,NA,NA,SI,SI,SI,NO,NO,SI,SI,0,NO,NO,NO,NO,NO,NO,NO,NO,SI,NO,SI,SI,12,2,1,1,8,1,2,2,2,
06101,PS. COLLANAC,Lima,NA,NA,SI,SI,SI,NO,NO,SI,SI,0,NO,NO,NO,NO,NO,NO,NO,NO,SI,NO,SI,SI,12,2,1,1,8,1,2,2,2,
15075,CLAS JUAN PABLO II,Lima,NA,NA,SI,SI,SI,NO,NO,SI,SI,0,NO,NO,NO,NO,NO,NO,NO,NO,SI,NO,SI,SI,12,2,1,1,8,1,2,2,2,
06084,CS. PUCUSANA,Lima,NA,NA,SI,SI,SI,SI,NO,SI,SI,2,NO,NO,SI,SI,NO,NO,NO,SI,SI,NO,SI,SI,12,2,1,1,8,7,5,3,5,
06088,CS. SAN BARTOLO,Lima,NA,NA,SI,SI,SI,SI,NO,SI,SI,2,NO,NO,SI,SI,NO,NO,NO,SI,SI,NO,SI,SI,12,2,1,1,8,8,9,6,8,
06085,CS. BENJAMIN DOIG,Lima,NA,NA,SI,SI,SI,NO,NO,SI,SI,0,NO,NO,NO,NO,NO,NO,NO,NO,SI,NO,SI,SI,12,2,1,1,8,1,2,2,2,
06087,CS. PUNTA NEGRA,Lima,NA,NA,SI,SI,SI,NO,NO,SI,SI,0,NO,NO,NO,NO,NO,NO,NO,NO,SI,NO,SI,SI,12,2,1,1,8,1,2,2,2,
06086,P.S. PUNTA HERMOSA,Lima,NA,NA,SI,SI,SI,NO,NO,SI,SI,0,NO,NO,NO,NO,NO,NO,NO,NO,SI,NO,SI,SI,12,2,1,1,8,1,2,2,2,
06089,P.S. VILLA MERCEDES,Lima,NA,NA,SI,SI,SI,NO,NO,NO,NO,0,NO,NO,NO,NO,NO,NO,NO,NO,NO,NO,SI,SI,12,2,1,1,8,1,1,1,1,
5638,C.S. LEONCIO PRADO                                ,Lima,NA,NA,SI,SI,SI,SI,NO,NO,SI,0,NO,NO,NO,SI,NO,NO,NO,SI,SI,NO,SI,SI,12,2,1,1,8,3,2,2,6,
5639,C.S. SAN JUAN DE AMANCAES                         ,Lima,NA,NA,SI,SI,SI,SI,SI,NO,SI,0,NO,NO,NO,SI,NO,NO,NO,SI,SI,NO,SI,SI,12,2,1,1,8,3,3,2,4,
5640,C.S. CIUDAD Y CAMPO                               ,Lima,NA,NA,SI,SI,SI,SI,SI,NO,SI,0,NO,NO,NO,SI,NO,NO,NO,SI,SI,NO,SI,SI,6,4,1,1,8,4,2,1,8,
5641,C.S. FLOR DE AMANCAES                             ,Lima,NA,NA,SI,SI,SI,SI,NO,NO,SI,0,NO,NO,NO,SI,NO,NO,NO,SI,SI,NO,SI,SI,12,2,1,1,8,3,2,3,8,
5642,P.S. VILLA LOS ANGELES                            ,Lima,NA,NA,SI,SI,SI,NO,SI,NO,SI,0,NO,NO,NO,SI,NO,NO,NO,SI,SI,NO,SI,SI,12,2,1,0,8,3,3,1,6,
5643,C.S. MARISCAL CASTILLA                            ,Lima,NA,NA,SI,SI,SI,SI,NO,NO,SI,0,NO,NO,NO,SI,NO,NO,NO,SI,SI,NO,SI,SI,12,2,1,0,8,3,3,2,7,
5644,CMI. RIMAC                                        ,Lima,NA,NA,SI,SI,SI,SI,SI,NO,SI,2,NO,SI,SI,SI,NO,NO,NO,SI,SI,NO,SI,SI,24,12,6,1,8,18,10,13,24,
5752,C.S. CAQUETA                                      ,Lima,NA,NA,SI,SI,SI,NO,SI,NO,SI,0,NO,NO,NO,SI,NO,NO,NO,SI,SI,NO,SI,SI,12,3,1,0,8,4,3,2,7,
5742,C.S.MEXICO                                       ,Lima,NA,NA,SI,SI,SI,SI,SI,NO,SI,0,NO,SI,NO,SI,NO,NO,NO,SI,SI,NO,SI,SI,12,5,1,0,8,8,4,3,35,
5743,C.S. PERU IV ZONA                                 ,Lima,NA,NA,SI,SI,SI,SI,NO,NO,SI,0,NO,NO,NO,SI,NO,NO,NO,SI,SI,NO,SI,SI,12,2,1,0,8,4,4,3,26,
5744,C.S. CONDEVILLA                                   ,Lima,NA,NA,SI,SI,SI,SI,NO,NO,SI,0,NO,NO,NO,SI,NO,NO,NO,SI,SI,NO,SI,SI,12,2,1,0,8,3,2,2,16,
5745,C.S. AMAKELLA                                     ,Lima,NA,NA,SI,SI,SI,SI,SI,NO,SI,0,NO,NO,NO,SI,NO,NO,NO,SI,SI,NO,SI,SI,12,4,1,0,8,4,3,2,20,
5746,C.S. LOS LIBERTADORES                             ,Lima,NA,NA,SI,SI,SI,SI,NO,NO,SI,0,NO,NO,NO,SI,NO,NO,NO,SI,SI,NO,SI,SI,12,3,1,0,8,4,4,3,26,
5747,C.S. VALDIVIEZO                                   ,Lima,NA,NA,SI,SI,SI,SI,SI,NO,SI,0,NO,NO,NO,SI,NO,NO,NO,SI,SI,NO,SI,SI,12,3,1,0,8,4,3,2,27,
5748,C.S. SAN MARTIN DE PORRES                         ,Lima,NA,NA,SI,SI,SI,SI,SI,NO,SI,0,NO,NO,NO,SI,NO,NO,NO,SI,SI,NO,SI,SI,12,3,1,0,8,5,4,3,35,
5749,C.S. PERU III ZONA                                ,Lima,NA,NA,SI,SI,SI,SI,SI,NO,SI,0,NO,NO,NO,SI,NO,NO,NO,SI,SI,NO,SI,SI,12,2,1,0,8,4,3,3,29,
5750,P.S. CERRO LA REGLA                               ,Lima,NA,NA,SI,SI,SI,NO,NO,NO,SI,0,NO,NO,NO,SI,NO,NO,NO,SI,SI,NO,SI,SI,6,1,1,0,8,1,2,1,11,
5751,C.S. GUSTAVO LANATTA LUJAN                        ,Lima,NA,NA,SI,SI,SI,SI,NO,NO,SI,0,NO,NO,NO,SI,NO,NO,NO,SI,SI,NO,SI,SI,12,4,1,0,8,4,2,2,16,
5804,C.S. VIRGEN DEL PILAR                  ,Lima,NA,NA,SI,SI,SI,SI,SI,NO,SI,0,NO,NO,NO,SI,NO,NO,NO,SI,SI,NO,SI,SI,12,2,1,0,8,2,2,2,19,
5805,P.S. MESA REDONDA                                 ,Lima,NA,NA,SI,SI,SI,SI,NO,NO,SI,0,NO,NO,NO,SI,NO,NO,NO,SI,SI,NO,SI,SI,6,2,1,0,8,2,3,2,17,
5808,P.S. CERRO CANDELA                                ,Lima,NA,NA,SI,SI,SI,SI,NO,NO,SI,0,NO,NO,NO,SI,NO,NO,NO,SI,SI,NO,SI,SI,6,1,1,0,8,2,3,2,16,
5809,C.S. EX FUNDO NARANJAL                            ,Lima,NA,NA,SI,SI,SI,SI,NO,NO,SI,0,NO,NO,NO,SI,NO,NO,NO,SI,SI,NO,SI,SI,12,2,1,0,8,3,2,3,18,
5811,C.S. INFANTAS                                     ,Lima,NA,NA,SI,SI,SI,SI,SI,NO,SI,0,NO,NO,NO,SI,NO,NO,NO,SI,SI,NO,SI,SI,12,4,1,0,8,5,4,2,26,
5812,C.S. SAN JUAN DE SALINAS          ,Lima,NA,NA,SI,SI,SI,SI,,NO,SI,0,NO,NO,NO,SI,NO,NO,NO,SI,SI,NO,SI,SI,12,3,1,0,8,4,4,3,23,
5797,P.S. SAN MARTIN DE PORRES                         ,Lima,NA,NA,SI,SI,SI,SI,NO,NO,SI,0,NO,NO,NO,SI,NO,NO,NO,SI,SI,NO,SI,SI,12,2,0,0,8,2,2,2,4,
5798,C.S. LAURA CALLER                                 ,Lima,NA,NA,SI,SI,SI,SI,NO,NO,SI,0,NO,NO,NO,SI,NO,NO,NO,SI,SI,NO,SI,SI,12,5,1,0,8,6,5,4,10,
5799,CMI. JUAN PABLO II                           ,Lima,NA,NA,SI,SI,SI,SI,NO,SI,SI,2,NO,SI,SI,SI,NO,NO,NO,SI,SI,NO,SI,SI,24,5,3,1,8,10,11,11,14,
5800,C.S. ENRIQUE MILLA OCHOA                          ,Lima,NA,NA,SI,SI,SI,SI,NO,NO,SI,0,NO,NO,NO,SI,NO,NO,NO,SI,SI,NO,SI,SI,12,3,1,0,8,4,2,2,10,
5801,C.S. LOS OLIVOS DE PRO                            ,Lima,NA,NA,SI,SI,SI,SI,NO,NO,SI,0,NO,NO,NO,SI,NO,NO,NO,SI,SI,NO,SI,SI,12,2,1,0,8,3,3,2,5,
5802,C.S. LOS OLIVOS                                   ,Lima,NA,NA,SI,SI,SI,SI,NO,NO,SI,0,NO,SI,NO,SI,NO,NO,NO,SI,SI,NO,SI,SI,12,4,1,0,8,5,3,2,12,
5803,C.S. PRIMAVERA                                    ,Lima,NA,NA,SI,SI,SI,SI,NO,NO,SI,0,NO,NO,NO,SI,NO,NO,NO,SI,SI,NO,SI,SI,12,2,1,0,8,3,4,4,7,
5806,C.S. VILLA DEL NORTE                              ,Lima,NA,NA,SI,SI,SI,SI,NO,NO,SI,0,NO,SI,NO,SI,NO,NO,NO,SI,SI,NO,SI,SI,12,3,2,0,8,5,4,2,7,
5807,C.S. CARLOS CUETO FERNANDINI                      ,Lima,NA,NA,SI,SI,SI,SI,NO,NO,SI,0,NO,NO,NO,SI,NO,NO,NO,SI,SI,NO,SI,SI,12,5,1,0,8,6,4,3,11,
5810,C.S. SAGRADO CORAZON DE JESUS                     ,Lima,NA,NA,SI,SI,SI,SI,NO,NO,SI,0,NO,NO,NO,SI,NO,NO,NO,SI,SI,NO,SI,SI,12,3,0,0,8,3,3,3,6,
5813,C.S. RIO SANTA                                    ,Lima,NA,NA,SI,SI,SI,NO,NO,NO,SI,0,NO,NO,NO,SI,NO,NO,NO,SI,SI,NO,SI,SI,6,2,0,0,8,2,2,2,4,
5991,C.S.M.I VIRGEN DEL CARMEN,Lima,NA,NA,SI,SI,SI,NO,NO,SI,SI,1,NO,SI,SI,SI,NO,NO,NO,SI,SI,SI,SI,SI,12,2,1,1,8,14,11,13,32,
5988,C.S ALICIA LASTRES DE LA TORRE,Lima,NA,NA,SI,SI,SI,SI,NO,NO,SI,0,NO,NO,NO,NO,NO,NO,NO,SI,SI,NO,SI,SI,12,2,1,0,8,5,3,3,9,
5989,C.S GAUDENCIO BERNASCONI,Lima,NA,NA,SI,SI,SI,SI,NO,NO,SI,0,NO,NO,NO,NO,NO,NO,NO,SI,SI,NO,SI,SI,12,2,1,0,8,0,0,0,0,
5990,C.S GUSTAVO LANATTA LUJAN ,Lima,NA,NA,SI,SI,SI,NO,NO,NO,SI,0,NO,SI,NO,NO,NO,NO,NO,SI,SI,NO,SI,SI,12,2,1,0,8,10,4,4,19,
5992,P.S ARMATAMBO ,Lima,NA,NA,SI,SI,SI,SI,NO,NO,SI,0,NO,NO,NO,NO,NO,NO,NO,NO,SI,NO,NO,SI,12,2,1,0,8,1,2,1,2,
6162,C.E SAN PEDRO DE LOS CHORRILLOS,Lima,NA,NA,SI,SI,SI,SI,NO,SI,SI,1,NO,SI,NO,SI,NO,NO,NO,SI,SI,SI,SI,SI,12,2,1,1,8,12,2,0,12,
5998,C.S BUENOS AIRES DE VILLA,Lima,NA,NA,SI,SI,SI,NO,NO,NO,SI,0,NO,NO,SI,SI,NO,NO,NO,SI,SI,SI,SI,SI,12,2,1,1,8,9,8,10,18,
6001,P.S VISTA ALEGRE,Lima,NA,NA,SI,SI,SI,NO,NO,NO,SI,0,NO,NO,NO,NO,NO,NO,NO,NO,SI,NO,,SI,12,2,1,0,8,1,1,1,4,
5990,C.S DELICIAS DE VILLA,Lima,NA,NA,SI,SI,SI,NO,NO,NO,SI,0,NO,NO,NO,SI,NO,NO,NO,SI,SI,SI,SI,SI,12,2,1,1,8,7,3,8,0,
6002,P.S SANTA ISABEL DE VILLA,Lima,NA,NA,SI,SI,SI,NO,NO,NO,SI,0,NO,NO,NO,NO,NO,NO,NO,NO,SI,NO,SI,SI,12,2,1,0,8,1,2,2,5,
6004,P.S SAN JUAN DE LA LIBERTAD,Lima,NA,NA,SI,SI,SI,NO,NO,NO,SI,0,NO,NO,NO,NO,NO,NO,NO,NO,SI,NO,SI,SI,12,2,1,0,8,1,1,1,0,
6010,P.S DEFENSORES DE LIMA,Lima,NA,NA,SI,SI,SI,SI,NO,NO,SI,0,NO,NO,NO,NO,NO,NO,NO,NO,SI,NO,SI,SI,12,2,1,0,8,1,1,1,4,
6003,C.S TUPAC AMARU,Lima,NA,NA,SI,SI,SI,NO,NO,NO,SI,0,NO,NO,NO,NO,NO,NO,NO,SI,SI,NO,SI,SI,12,2,1,0,8,4,2,2,9,
6005,P.S MATEO PUMACAHUA,Lima,NA,NA,SI,SI,SI,SI,NO,NO,SI,0,NO,NO,NO,NO,NO,NO,NO,NO,SI,NO,SI,SI,12,2,1,0,8,2,5,2,5,
6000,C.S SAN GENARO DE VILLA,Lima,NA,NA,SI,SI,SI,NO,NO,NO,SI,0,NO,NO,SI,NO,NO,NO,NO,SI,SI,SI,SI,SI,12,2,1,1,8,10,7,9,18,
6007,P.S VILLA VENTURO,Lima,NA,NA,SI,SI,SI,NO,NO,NO,SI,0,NO,NO,NO,NO,NO,NO,NO,NO,SI,NO,SI,SI,12,2,1,0,8,1,2,1,0,
6008,P.S NUEVA CALEDONIA,Lima,NA,NA,SI,SI,SI,NO,NO,NO,SI,0,NO,NO,NO,NO,NO,NO,NO,NO,SI,NO,SI,SI,12,2,1,0,8,2,1,1,2,
6006,P.S SANTA TERESA DE CHORRILLOS,Lima,NA,NA,SI,SI,SI,NO,NO,NO,SI,0,NO,NO,NO,NO,NO,NO,NO,NO,SI,NO,SI,SI,12,2,1,0,8,2,2,1,12,
6009,P.S LOS INCAS,Lima,NA,NA,SI,SI,SI,NO,NO,NO,SI,0,NO,NO,NO,NO,NO,NO,NO,NO,SI,NO,SI,SI,12,2,1,0,8,1,1,1,3,
5993,C.S SANTIAGO DE SURCO,Lima,NA,NA,SI,SI,SI,SI,NO,NO,SI,0,NO,NO,NO,NO,NO,NO,NO,SI,SI,NO,SI,SI,12,2,1,0,8,9,9,5,10,
5995,P.S SAN ROQUE,Lima,NA,NA,SI,SI,SI,NO,NO,NO,SI,0,NO,NO,NO,NO,NO,NO,NO,NO,SI,NO,SI,SI,12,2,1,0,8,2,2,2,1,
6952,P.S LAS DUNAS,Lima,NA,NA,SI,SI,SI,NO,NO,NO,SI,0,NO,NO,NO,NO,NO,NO,NO,NO,SI,NO,SI,SI,12,2,1,0,8,2,2,1,2,
5996,P.S LAS VIÑEDOS DE SURCO,Lima,NA,NA,SI,SI,SI,NO,NO,NO,SI,0,NO,NO,NO,NO,NO,NO,NO,NO,SI,NO,SI,SI,12,2,1,0,8,3,2,2,2,
5997,P.S LAS FLORES,Lima,NA,NA,SI,SI,SI,NO,NO,NO,SI,0,NO,NO,NO,NO,NO,NO,NO,NO,SI,NO,SI,SI,12,2,1,0,8,2,2,1,1,
5994,P.S SAN CARLOS,Lima,NA,NA,SI,SI,SI,NO,NO,NO,SI,0,NO,NO,NO,NO,NO,NO,NO,NO,SI,NO,SI,SI,12,2,1,0,8,1,1,1,1,
6184,BREÑA,Lima,NA,NA,SI,SI,SI,NO,NO,NO,SI,0,NO,NO,NO,SI,NO,NO,NO,SI,SI,NO,SI,SI,12,2,1,0,8,0,0,0,0,
6202,CENTRO REF. ESP. ANTIRRABICO - ESPECIALIZADO EN ZOONOSIS,Lima,NA,NA,SI,SI,SI,NO,NO,NO,SI,0,NO,NO,NO,SI,NO,NO,NO,SI,SI,NO,SI,SI,12,2,1,0,8,0,0,0,0,
6203,CENTRO REF. ESP.ETSS RAUL PATRUCCO PUIG,Lima,NA,NA,SI,SI,SI,NO,NO,NO,SI,0,NO,NO,NO,SI,NO,NO,NO,SI,SI,NO,SI,SI,12,2,1,0,8,0,0,0,0,
6185,CHACRA COLORADA,Lima,NA,NA,SI,SI,SI,NO,NO,NO,SI,0,NO,NO,NO,SI,NO,NO,NO,SI,SI,NO,SI,SI,12,2,1,0,8,0,0,0,0,
6186,CONDE DE LA VEGA BAJA,Lima,NA,NA,SI,SI,SI,NO,NO,NO,SI,0,NO,SI,NO,SI,NO,NO,NO,SI,SI,NO,SI,SI,12,2,1,0,8,0,0,0,0,
6172,JARDIN ROSA DE SANTA MARIA,Lima,NA,NA,SI,SI,SI,NO,NO,NO,SI,0,NO,NO,NO,SI,NO,NO,NO,NO,SI,NO,SI,SI,12,2,1,0,8,0,0,0,0,
6171,JUAN PEREZ CARRANZA,Lima,NA,NA,SI,SI,SI,NO,NO,NO,SI,0,NO,SI,NO,SI,NO,NO,NO,SI,SI,NO,SI,SI,12,2,1,0,8,0,0,0,0,
6192,MIRONES,Lima,NA,NA,SI,SI,SI,NO,NO,NO,SI,0,NO,SI,NO,SI,NO,NO,NO,SI,SI,NO,SI,SI,12,2,1,0,8,0,0,0,0,
6187,MIRONES BAJO,Lima,NA,NA,SI,SI,SI,NO,NO,NO,SI,0,NO,SI,NO,SI,NO,NO,NO,SI,SI,NO,SI,SI,12,2,1,0,8,0,0,0,0,
6189,PALERMO,Lima,NA,NA,SI,SI,SI,NO,NO,NO,SI,0,NO,NO,NO,SI,NO,NO,NO,NO,SI,NO,SI,SI,12,2,1,0,8,0,0,0,0,
6188,RESCATE,Lima,NA,NA,SI,SI,SI,NO,NO,NO,SI,0,NO,NO,NO,SI,NO,NO,NO,NO,SI,NO,SI,SI,12,2,1,0,8,0,0,0,0,
6191,SAN SEBASTIAN,Lima,NA,NA,SI,SI,SI,NO,NO,NO,SI,0,NO,SI,NO,SI,NO,NO,NO,SI,SI,NO,SI,SI,12,2,1,0,8,0,0,0,0,
6190,SANTA ROSA,Lima,NA,NA,SI,SI,SI,NO,NO,NO,SI,0,NO,NO,NO,SI,NO,NO,NO,NO,SI,NO,SI,SI,12,2,1,0,8,0,0,0,0,
6193,UNIDAD VECINAL Nº 3,Lima,NA,NA,SI,SI,SI,SI,NO,NO,SI,0,NO,NO,NO,SI,NO,NO,NO,SI,SI,NO,SI,SI,12,2,1,0,8,0,0,0,0,
6194,VILLA MARIA PERPETUO SOCORRO,Lima,NA,NA,SI,SI,SI,NO,NO,NO,SI,0,NO,NO,NO,SI,NO,NO,NO,SI,SI,NO,SI,SI,12,2,1,0,8,0,0,0,0,
6199,HUACA PANDO,Lima,NA,NA,SI,SI,SI,NO,NO,NO,SI,0,NO,NO,NO,SI,NO,NO,NO,SI,SI,NO,SI,SI,12,2,1,0,8,0,0,0,0,
6201,JESUS MARIA,Lima,NA,NA,SI,SI,SI,NO,NO,NO,SI,0,NO,NO,NO,SI,NO,NO,NO,SI,SI,NO,SI,SI,12,2,1,0,8,0,0,0,0,
6196,MAGDALENA,Lima,NA,NA,SI,SI,SI,SI,SI,NO,SI,1,NO,SI,SI,SI,NO,NO,NO,SI,SI,SI,SI,SI,12,2,1,0,8,0,0,0,0,
6198,SAN MIGUEL,Lima,NA,NA,SI,SI,SI,NO,NO,NO,SI,0,NO,SI,NO,SI,NO,NO,NO,SI,SI,NO,SI,SI,12,2,1,0,8,0,0,0,0,
6174,CLAS CERRO EL PINO,Lima,NA,NA,SI,SI,SI,NO,NO,NO,SI,0,NO,NO,NO,SI,NO,NO,NO,SI,SI,NO,SI,SI,12,2,1,0,8,0,0,0,0,
6173,EL PINO,Lima,NA,NA,SI,SI,SI,NO,NO,NO,SI,0,NO,SI,NO,SI,NO,NO,NO,SI,SI,NO,SI,SI,12,2,1,0,8,0,0,0,0,
6175,EL PORVENIR,Lima,NA,NA,SI,SI,SI,SI,SI,NO,SI,0,NO,SI,SI,SI,NO,NO,NO,SI,SI,SI,SI,SI,12,2,1,1,8,0,0,0,0,
6195,LINCE,Lima,NA,NA,SI,SI,SI,NO,NO,NO,SI,0,NO,NO,NO,SI,NO,NO,NO,SI,SI,NO,SI,SI,12,2,1,0,8,0,0,0,0,
6170,MAX ARIAS SCHREIBER,Lima,NA,NA,SI,SI,SI,NO,NO,NO,SI,0,NO,SI,NO,SI,NO,NO,NO,SI,SI,NO,SI,SI,12,2,1,0,8,0,0,0,0,
6176,SAN COSME,Lima,NA,NA,SI,SI,SI,NO,NO,NO,SI,0,NO,SI,NO,SI,NO,NO,NO,SI,SI,NO,SI,SI,12,2,1,0,8,0,0,0,0,
6177,SAN LUIS,Lima,NA,NA,SI,SI,SI,NO,NO,NO,SI,0,NO,SI,NO,SI,NO,NO,NO,SI,SI,NO,SI,SI,12,2,1,0,8,0,0,0,0,
6183,CENTRO DE SALUD TODOS LOS SANTOS SAN BORJA,Lima,NA,NA,SI,SI,SI,NO,NO,NO,SI,0,NO,NO,NO,SI,NO,NO,NO,SI,SI,NO,SI,SI,12,2,1,0,8,0,0,0,0,
6200,MIRAFLORES,Lima,NA,NA,SI,SI,SI,NO,NO,NO,SI,0,NO,NO,NO,SI,NO,NO,NO,SI,SI,NO,SI,SI,12,2,1,0,8,0,0,0,0,
6179,SAN ATANACIO DE PEDREGAL,Lima,NA,NA,SI,SI,SI,NO,NO,NO,SI,0,NO,NO,NO,SI,NO,NO,NO,SI,SI,NO,SI,SI,12,2,1,0,8,0,0,0,0,
6197,SAN ISIDRO,Lima,NA,NA,SI,SI,SI,NO,NO,NO,SI,0,NO,NO,NO,SI,NO,NO,NO,SI,SI,NO,SI,SI,12,2,1,0,8,0,0,0,0,
6181,SAN JUAN MASIAS,Lima,NA,NA,SI,SI,SI,NO,NO,NO,SI,0,NO,NO,NO,SI,NO,NO,NO,NO,SI,NO,SI,SI,12,2,1,0,8,0,0,0,0,
6178,SURQUILLO,Lima,NA,NA,SI,SI,SI,SI,SI,NO,SI,0,NO,SI,SI,SI,NO,NO,NO,SI,SI,SI,SI,SI,12,2,1,1,8,0,0,0,0,
6180,VILLA VICTORIA PORVENIR,Lima,NA,NA,SI,SI,SI,NO,NO,NO,SI,0,NO,SI,NO,SI,NO,NO,NO,SI,SI,NO,SI,SI,12,2,1,0,8,0,0,0,0,
5938,MIGUEL GRAU,Lima,NA,NA,SI,SI,SI,SI,SI,SI,SI,1,NO,NO,SI,SI,NO,NO,NO,SI,SI,SI,SI,SI,24,3,1,7,8,10,0,0,0,
5935,LOPEZ SILVA,Lima,NA,NA,SI,SI,SI,SI,SI,SI,SI,0,NO,NO,NO,SI,NO,NO,NO,SI,SI,SI,SI,SI,24,2,1,4,8,6,0,0,0,
5936,MORON,Lima,NA,NA,SI,SI,SI,SI,NO,SI,SI,0,NO,NO,NO,SI,NO,NO,NO,SI,SI,SI,SI,SI,6,1,1,0,8,1,0,0,0,
5937,PROGRESO,Lima,NA,NA,SI,SI,SI,SI,NO,SI,SI,0,NO,NO,NO,SI,NO,NO,NO,NO,SI,SI,NO,SI,6,0,1,0,8,0,0,1,4,
5944,VIRGEN DEL CARMEN - LA ERA.,Lima,NA,NA,SI,SI,SI,SI,NO,SI,SI,0,NO,NO,NO,SI,NO,NO,NO,NO,SI,SI,NO,SI,8,3,1,0,8,3,0,0,0,
5940,HUASCATA,Lima,NA,NA,SI,SI,SI,SI,NO,SI,SI,0,NO,NO,NO,SI,NO,NO,NO,SI,SI,SI,SI,SI,8,2,1,1,8,3,0,2,0,
5941,VILLA RICA,Lima,NA,NA,SI,SI,SI,SI,NO,SI,SI,0,NO,NO,NO,SI,NO,NO,NO,SI,SI,SI,SI,SI,6,0,1,0,8,0,1,1,4,
5943,ALTO HUAMPANI,Lima,NA,NA,SI,SI,SI,SI,NO,SI,SI,0,NO,NO,NO,SI,NO,NO,NO,SI,SI,SI,SI,SI,6,1,1,0,8,1,0,1,2,
5942,TRES DE OCTUBRE,Lima,NA,NA,SI,SI,SI,SI,NO,SI,SI,0,NO,NO,NO,SI,NO,NO,NO,SI,SI,SI,SI,SI,6,0,1,0,8,0,0,1,3,
5939,PERLA DEL SOL,Lima,NA,NA,SI,SI,SI,SI,NO,SI,SI,0,NO,NO,NO,SI,NO,NO,NO,SI,SI,SI,SI,SI,6,0,1,0,8,0,0,0,1,
5978,TAMBO VIEJO,Lima,NA,NA,SI,SI,SI,SI,SI,SI,SI,1,NO,NO,SI,SI,NO,NO,NO,SI,SI,SI,SI,SI,24,2,1,4,8,6,2,8,10,
5979,HUAYCAN DE CIENEGUILLA,Lima,NA,NA,SI,SI,SI,NO,NO,SI,SI,0,NO,NO,NO,SI,NO,NO,NO,NO,SI,SI,NO,SI,6,0,1,0,8,0,1,0,3,
5980,COLCA,Lima,NA,NA,SI,SI,SI,NO,NO,SI,SI,0,NO,NO,NO,SI,NO,NO,NO,NO,SI,SI,NO,SI,6,1,1,0,8,1,1,1,3,
5862,CHOSICA ,Lima,NA,NA,SI,SI,SI,SI,NO,SI,SI,0,NO,NO,NO,SI,NO,NO,NO,NO,SI,SI,NO,SI,8,2,1,0,8,2,0,3,6,
5861, MOYOPAMPA,Lima,NA,NA,SI,SI,SI,SI,NO,SI,SI,0,NO,NO,NO,SI,NO,NO,NO,SI,SI,SI,SI,SI,6,3,1,0,8,3,2,2,5,
5863,NICOLAS DE PIEROLA,Lima,NA,NA,SI,SI,SI,SI,NO,SI,SI,0,NO,NO,NO,SI,NO,NO,NO,SI,SI,SI,SI,SI,8,2,1,0,8,2,1,2,4,
5864,SAN ANTONIO DE PEDREGAL,Lima,NA,NA,SI,SI,SI,SI,NO,SI,SI,0,NO,NO,NO,SI,NO,NO,NO,SI,SI,SI,SI,SI,6,1,1,0,8,1,1,2,5,
5982,CTO. REHAB. CHOSICA,Lima,NA,NA,SI,SI,SI,SI,NO,SI,SI,0,NO,NO,NO,SI,NO,NO,NO,NO,SI,SI,NO,SI,6,1,1,0,8,1,0,0,2,
5865,CHACRASANA,Lima,NA,NA,SI,SI,SI,SI,NO,SI,SI,0,NO,NO,NO,SI,NO,NO,NO,NO,SI,SI,NO,SI,6,2,1,0,8,2,1,1,1,
5866,YANACOTO,Lima,NA,NA,SI,SI,SI,SI,NO,SI,SI,0,NO,NO,NO,SI,NO,NO,NO,NO,SI,SI,NO,SI,6,2,1,0,8,2,2,1,3,
5867,MARISCAL CASTILLA,Lima,NA,NA,SI,SI,SI,SI,NO,SI,SI,0,NO,NO,NO,SI,NO,NO,NO,NO,SI,SI,NO,SI,6,0,1,0,8,0,1,1,2,
5868,SEÑOR DE LOS MILAGROS,Lima,NA,NA,SI,SI,SI,SI,NO,SI,SI,0,NO,NO,NO,SI,NO,NO,NO,NO,SI,SI,NO,SI,6,2,1,0,8,2,1,0,3,
5869,VILLA  DEL SOL,Lima,NA,NA,SI,SI,SI,SI,NO,SI,SI,0,NO,NO,NO,SI,NO,NO,NO,NO,SI,SI,NO,SI,6,1,1,0,8,1,1,1,4,
5870,PABLO PATRON,Lima,NA,NA,SI,SI,SI,SI,NO,SI,SI,0,NO,NO,NO,SI,NO,NO,NO,NO,SI,SI,NO,SI,6,0,1,0,8,0,1,1,2,
5897,JICAMARCA,Lima,NA,NA,SI,SI,NO,NO,NO,SI,SI,1,NO,NO,NO,SI,NO,NO,NO,SI,SI,SI,SI,SI,8,3,1,0,8,3,2,3,13,
5900,VILLA LETICIA DE CAJAMARQUILLA,Lima,NA,NA,SI,SI,NO,NO,NO,SI,SI,0,NO,NO,NO,SI,NO,NO,NO,SI,SI,SI,SI,SI,6,1,1,0,8,1,3,2,8,
5898,SANTA MARIA DE HUACHIPA,Lima,NA,NA,SI,SI,NO,NO,NO,SI,SI,0,NO,NO,NO,SI,NO,NO,NO,SI,SI,SI,SI,SI,6,2,1,0,8,2,2,2,6,
5899,VIRGEN DEL ROSARIO CARAPONGO,Lima,NA,NA,SI,SI,NO,NO,NO,SI,SI,0,NO,NO,NO,SI,NO,NO,NO,SI,SI,SI,SI,SI,6,1,1,0,8,1,3,2,3,
5902,NIEVERIA DEL PARAISO,Lima,NA,NA,SI,SI,NO,NO,NO,SI,SI,0,NO,NO,NO,SI,NO,NO,NO,SI,SI,SI,NO,SI,6,0,1,0,8,0,1,1,3,
5901,ALTO PERU,Lima,NA,NA,SI,SI,NO,NO,NO,SI,SI,0,NO,NO,NO,SI,NO,NO,NO,NO,SI,SI,NO,SI,6,1,1,0,8,1,1,1,4,
6735,CASA HUERTA LA CAMPIÑA,Lima,NA,NA,SI,SI,NO,NO,NO,SI,SI,0,NO,NO,NO,SI,NO,NO,NO,NO,SI,SI,NO,SI,6,0,1,0,8,0,1,1,4,
10093,VILLA MERCEDES,Lima,NA,NA,SI,SI,NO,NO,NO,SI,SI,0,NO,NO,NO,SI,NO,NO,NO,NO,SI,SI,NO,SI,6,0,1,0,8,0,1,0,2,
00005842,C.S. PIEDRA LIZA,Lima,NA,NA,SI,SI,SI,SI,SI,SI,SI,1,NO,SI,SI,SI,NO,NO,NO,SI,SI,NO,SI,SI,12,2,1,1,8,24,14,12,24,
00005846,C.S. CAJA DE AGUA,Lima,NA,NA,SI,SI,SI,SI,NO,NO,SI,0,NO,NO,NO,SI,NO,NO,NO,SI,SI,NO,SI,SI,12,2,1,1,8,5,3,3,9,
00005841,C.S. CHACARILLA DE OTERO,Lima,NA,NA,SI,SI,SI,SI,NO,NO,SI,0,NO,NO,NO,SI,NO,NO,NO,SI,SI,NO,SI,SI,12,2,1,1,8,6,3,3,19,
00005844,P.S. AZCARRUNZ ALTO,Lima,NA,NA,SI,SI,SI,SI,NO,NO,SI,0,NO,NO,NO,SI,NO,NO,NO,NO,SI,NO,SI,SI,12,2,1,1,8,3,2,1,5,
00005849,C.S. ZARATE,Lima,NA,NA,SI,SI,SI,SI,NO,NO,SI,0,NO,NO,NO,SI,NO,NO,NO,SI,SI,NO,SI,SI,12,2,1,1,8,5,4,3,12,
00005847,C.S. MANGOMARCA,Lima,NA,NA,SI,SI,SI,SI,NO,NO,SI,0,NO,NO,NO,SI,NO,NO,NO,SI,SI,NO,SI,SI,12,2,1,1,8,3,2,1,4,
00005845,P.S. DANIEL ALCIDES CARRIÓN,Lima,NA,NA,SI,SI,SI,SI,NO,NO,SI,0,NO,NO,NO,SI,NO,NO,NO,SI,SI,NO,SI,SI,12,2,1,1,8,3,2,1,6,
00005838,C.S. SAN FERNANDO,Lima,NA,NA,SI,SI,SI,SI,NO,NO,SI,0,NO,NO,NO,SI,NO,NO,NO,SI,SI,NO,SI,SI,12,2,1,1,8,8,4,4,18,
00005837,C.S. SAN HILARION,Lima,NA,NA,SI,SI,SI,SI,NO,NO,SI,0,NO,NO,NO,SI,NO,NO,NO,SI,SI,NO,SI,SI,12,2,1,1,8,4,4,2,7,
00005840,C.S. SANTA ROSA DE LIMA,Lima,NA,NA,SI,SI,SI,SI,NO,NO,SI,0,NO,NO,NO,SI,NO,NO,NO,SI,SI,NO,SI,SI,12,2,1,1,8,4,3,2,4,
00005834,C.S. LA LIBERTAD,Lima,NA,NA,SI,SI,SI,SI,NO,NO,SI,0,NO,SI,NO,SI,NO,NO,NO,SI,SI,NO,SI,SI,12,2,1,1,8,6,4,3,11,
00005835,C.S. LA HUAYRONA,Lima,NA,NA,SI,SI,SI,SI,NO,NO,SI,0,NO,NO,NO,SI,NO,NO,NO,SI,SI,NO,SI,SI,12,2,1,1,8,5,4,3,10,
00005836,C.S. SANTA FE DE TOTORITA,Lima,NA,NA,SI,SI,SI,SI,NO,NO,SI,0,NO,NO,NO,SI,NO,NO,NO,SI,SI,NO,SI,SI,12,2,1,1,8,5,3,3,11,
00005839,P.S. 15 DE ENERO,Lima,NA,NA,SI,SI,SI,SI,NO,NO,SI,0,NO,NO,NO,SI,NO,NO,NO,NO,SI,NO,SI,SI,12,2,1,1,8,3,3,1,4,
00005618,C.S. GANIMEDES,Lima,NA,NA,SI,SI,SI,SI,NO,NO,SI,0,NO,SI,NO,SI,NO,NO,NO,SI,SI,NO,SI,SI,12,2,1,1,8,10,6,4,20,
00005621,C.S. HUASCAR II,Lima,NA,NA,SI,SI,SI,SI,NO,NO,SI,0,NO,NO,NO,SI,NO,NO,NO,SI,SI,NO,SI,SI,12,2,1,1,8,6,6,3,15,
00005622,C.S. HUASCAR XV,Lima,NA,NA,SI,SI,SI,SI,NO,NO,SI,0,NO,SI,NO,SI,NO,NO,NO,SI,SI,NO,SI,SI,12,2,1,1,8,7,5,3,13,
00005620,C.S. MEDALLA MILAGROSA,Lima,NA,NA,SI,SI,SI,SI,NO,NO,SI,0,NO,NO,NO,SI,NO,NO,NO,SI,SI,NO,SI,SI,12,2,1,1,8,5,5,3,9,
00005619,P.S. AYACUCHO,Lima,NA,NA,SI,SI,SI,SI,NO,NO,SI,0,NO,NO,NO,SI,NO,NO,NO,NO,SI,NO,SI,SI,12,2,1,1,8,3,2,2,7,
00005624,C.S. JAIME ZUBIETA,Lima,NA,NA,SI,SI,SI,SI,NO,NO,SI,0,NO,SI,NO,SI,NO,NO,NO,SI,SI,NO,SI,SI,12,2,1,1,8,7,9,5,23,
00005614,C.S. BAYOVAR,Lima,NA,NA,SI,SI,SI,SI,NO,NO,SI,0,NO,NO,NO,SI,NO,NO,NO,SI,SI,NO,SI,SI,12,2,1,1,8,5,3,3,11,
00005625,C.S. SANTA MARIA,Lima,NA,NA,SI,SI,SI,NO,NO,NO,SI,0,NO,NO,NO,SI,NO,NO,NO,SI,SI,NO,SI,SI,12,2,1,1,8,5,5,4,11,
00005623,P.S. PROYECTOS ESPECIALES,Lima,NA,NA,SI,SI,SI,SI,NO,NO,SI,0,NO,NO,NO,SI,NO,NO,NO,NO,SI,NO,SI,SI,12,2,1,1,8,4,3,2,11,
00006999,P.S. SAGRADA FAMILIA,Lima,NA,NA,SI,SI,SI,NO,NO,NO,SI,0,NO,NO,NO,SI,NO,NO,NO,NO,SI,NO,SI,SI,12,2,1,1,8,3,3,2,9,
00005626,P.S. TUPAC AMARU II,Lima,NA,NA,SI,SI,SI,NO,NO,NO,SI,0,NO,NO,NO,SI,NO,NO,NO,NO,SI,NO,SI,SI,12,2,1,1,8,2,2,2,8,
00005628,C.S. JOSE CARLOS MARIATEGUI,Lima,NA,NA,SI,SI,SI,SI,NO,NO,SI,0,NO,NO,NO,SI,NO,NO,NO,SI,SI,NO,SI,SI,12,2,1,1,8,9,11,5,24,
00005627,C.S. CRUZ DE MOTUPE,Lima,NA,NA,SI,SI,SI,SI,NO,NO,SI,0,NO,SI,NO,SI,NO,NO,NO,SI,SI,NO,SI,SI,12,2,1,1,8,6,5,4,16,
00005629,C.S. ENRIQUE MONTENEGRO,Lima,NA,NA,SI,SI,SI,SI,NO,NO,SI,0,NO,NO,NO,SI,NO,NO,NO,SI,SI,NO,SI,SI,12,2,1,1,8,5,3,3,10,
00005616,C.S. 10 DE OCTUBRE,Lima,NA,NA,SI,SI,SI,SI,NO,NO,SI,0,NO,NO,NO,SI,NO,NO,NO,SI,SI,NO,SI,SI,12,2,1,1,8,5,6,3,9,
00005615,C.S. SU SANTIDAD JUAN PABLO II,Lima,NA,NA,SI,SI,SI,SI,NO,NO,SI,0,NO,SI,NO,SI,NO,NO,NO,SI,SI,NO,SI,SI,12,2,1,1,8,6,5,5,11,
00005630,P.S. JOSE CARLOS MARIATEGUI  V ETAPA,Lima,NA,NA,SI,SI,SI,NO,NO,NO,SI,0,NO,NO,NO,SI,NO,NO,NO,NO,SI,NO,SI,SI,12,2,1,1,8,2,3,2,5,
00007357,P.S. MARISCAL CACERES,Lima,NA,NA,SI,SI,SI,NO,NO,NO,SI,0,NO,NO,NO,SI,NO,NO,NO,NO,SI,NO,SI,SI,12,2,1,1,8,3,3,2,5,
00007046,P.S. CÉSAR VALLEJO,Lima,NA,NA,SI,SI,SI,SI,NO,NO,SI,0,NO,NO,NO,SI,NO,NO,NO,NO,SI,NO,SI,SI,12,2,1,1,8,2,2,2,6,
00021762,CENTRAL DE REFERENCIA Y CONTRARREFERENCIAS,Lima,NA,NA,SI,SI,SI,No,No,Si,SI,2,NO,NO,NO,NO,NO,NO,NO,NO,No,No,SI,SI,12,2,1,1,8,1,0,1,0,
,,,,,,,,,,,,,,,,,,,,,,,,,,,,,,,,,,
,,,,,,,,,,,,,,,,,,,,,,,,,,,,,,,,,,
,,,,,,,,,,,,,,,,,,,,,,,,,,,,,,,,,,
,,,,,,,,,,,,,,,,,,,,,,,,,,,,,,,,,,
,,,,,,,,,,,,,,,,,,,,,,,,,,,,,,,,,,
,,,,,,,,,,,,,,,,,,,,,,,,,,,,,,,,,,
,,,,,,,,,,,,,,,,,,,,,,,,,,,,,,,,,,
,,,,,,,,,,,,,,,,,,,,,,,,,,,,,,,,,,
,,,,,,,,,,,,,,,,,,,,,,,,,,,,,,,,,,
,,,,,,,,,,,,,,,,,,,,,,,,,,,,,,,,,,
,,,,,,,,,,,,,,,,,,,,,,,,,,,,,,,,,,
,,,,,,,,,,,,,,,,,,,,,,,,,,,,,,,,,,
,,,,,,,,,,,,,,,,,,,,,,,,,,,,,,,,,,
,,,,,,,,,,,,,,,,,,,,,,,,,,,,,,,,,,
,,,,,,,,,,,,,,,,,,,,,,,,,,,,,,,,,,
,,,,,,,,,,,,,,,,,,,,,,,,,,,,,,,,,,
,,,,,,,,,,,,,,,,,,,,,,,,,,,,,,,,,,
,,,,,,,,,,,,,,,,,,,,,,,,,,,,,,,,,,
,,,,,,,,,,,,,,,,,,,,,,,,,,,,,,,,,,
,,,,,,,,,,,,,,,,,,,,,,,,,,,,,,,,,,
,,,,,,,,,,,,,,,,,,,,,,,,,,,,,,,,,,
,,,,,,,,,,,,,,,,,,,,,,,,,,,,,,,,,,
,,,,,,,,,,,,,,,,,,,,,,,,,,,,,,,,,,
,,,,,,,,,,,,,,,,,,,,,,,,,,,,,,,,,,
,,,,,,,,,,,,,,,,,,,,,,,,,,,,,,,,,,
,,,,,,,,,,,,,,,,,,,,,,,,,,,,,,,,,,
,,,,,,,,,,,,,,,,,,,,,,,,,,,,,,,,,,
,,,,,,,,,,,,,,,,,,,,,,,,,,,,,,,,,,
,,,,,,,,,,,,,,,,,,,,,,,,,,,,,,,,,,
,,,,,,,,,,,,,,,,,,,,,,,,,,,,,,,,,,
,,,,,,,,,,,,,,,,,,,,,,,,,,,,,,,,,,
,,,,,,,,,,,,,,,,,,,,,,,,,,,,,,,,,,
,,,,,,,,,,,,,,,,,,,,,,,,,,,,,,,,,,
,,,,,,,,,,,,,,,,,,,,,,,,,,,,,,,,,,
,,,,,,,,,,,,,,,,,,,,,,,,,,,,,,,,,,
,,,,,,,,,,,,,,,,,,,,,,,,,,,,,,,,,,
,,,,,,,,,,,,,,,,,,,,,,,,,,,,,,,,,,
,,,,,,,,,,,,,,,,,,,,,,,,,,,,,,,,,,
,,,,,,,,,,,,,,,,,,,,,,,,,,,,,,,,,,
,,,,,,,,,,,,,,,,,,,,,,,,,,,,,,,,,,
,,,,,,,,,,,,,,,,,,,,,,,,,,,,,,,,,,
,,,,,,,,,,,,,,,,,,,,,,,,,,,,,,,,,,
,,,,,,,,,,,,,,,,,,,,,,,,,,,,,,,,,,
,,,,,,,,,,,,,,,,,,,,,,,,,,,,,,,,,,
,,,,,,,,,,,,,,,,,,,,,,,,,,,,,,,,,,
,,,,,,,,,,,,,,,,,,,,,,,,,,,,,,,,,,
,,,,,,,,,,,,,,,,,,,,,,,,,,,,,,,,,,
,,,,,,,,,,,,,,,,,,,,,,,,,,,,,,,,,,
,,,,,,,,,,,,,,,,,,,,,,,,,,,,,,,,,,
,,,,,,,,,,,,,,,,,,,,,,,,,,,,,,,,,,
,,,,,,,,,,,,,,,,,,,,,,,,,,,,,,,,,,
,,,,,,,,,,,,,,,,,,,,,,,,,,,,,,,,,,
,,,,,,,,,,,,,,,,,,,,,,,,,,,,,,,,,,
,,,,,,,,,,,,,,,,,,,,,,,,,,,,,,,,,,
,,,,,,,,,,,,,,,,,,,,,,,,,,,,,,,,,,
,,,,,,,,,,,,,,,,,,,,,,,,,,,,,,,,,,
,,,,,,,,,,,,,,,,,,,,,,,,,,,,,,,,,,
,,,,,,,,,,,,,,,,,,,,,,,,,,,,,,,,,,
,,,,,,,,,,,,,,,,,,,,,,,,,,,,,,,,,,
,,,,,,,,,,,,,,,,,,,,,,,,,,,,,,,,,,
,,,,,,,,,,,,,,,,,,,,,,,,,,,,,,,,,,
,,,,,,,,,,,,,,,,,,,,,,,,,,,,,,,,,,
,,,,,,,,,,,,,,,,,,,,,,,,,,,,,,,,,,
,,,,,,,,,,,,,,,,,,,,,,,,,,,,,,,,,,
,,,,,,,,,,,,,,,,,,,,,,,,,,,,,,,,,,
,,,,,,,,,,,,,,,,,,,,,,,,,,,,,,,,,,
,,,,,,,,,,,,,,,,,,,,,,,,,,,,,,,,,,
,,,,,,,,,,,,,,,,,,,,,,,,,,,,,,,,,,
,,,,,,,,,,,,,,,,,,,,,,,,,,,,,,,,,,
,,,,,,,,,,,,,,,,,,,,,,,,,,,,,,,,,,
,,,,,,,,,,,,,,,,,,,,,,,,,,,,,,,,,,
,,,,,,,,,,,,,,,,,,,,,,,,,,,,,,,,,,
,,,,,,,,,,,,,,,,,,,,,,,,,,,,,,,,,,
,,,,,,,,,,,,,,,,,,,,,,,,,,,,,,,,,,
,,,,,,,,,,,,,,,,,,,,,,,,,,,,,,,,,,
,,,,,,,,,,,,,,,,,,,,,,,,,,,,,,,,,,
,,,,,,,,,,,,,,,,,,,,,,,,,,,,,,,,,,
,,,,,,,,,,,,,,,,,,,,,,,,,,,,,,,,,,
,,,,,,,,,,,,,,,,,,,,,,,,,,,,,,,,,,
,,,,,,,,,,,,,,,,,,,,,,,,,,,,,,,,,,
,,,,,,,,,,,,,,,,,,,,,,,,,,,,,,,,,,
,,,,,,,,,,,,,,,,,,,,,,,,,,,,,,,,,,
,,,,,,,,,,,,,,,,,,,,,,,,,,,,,,,,,,
,,,,,,,,,,,,,,,,,,,,,,,,,,,,,,,,,,
,,,,,,,,,,,,,,,,,,,,,,,,,,,,,,,,,,
,,,,,,,,,,,,,,,,,,,,,,,,,,,,,,,,,,
,,,,,,,,,,,,,,,,,,,,,,,,,,,,,,,,,,
,,,,,,,,,,,,,,,,,,,,,,,,,,,,,,,,,,
,,,,,,,,,,,,,,,,,,,,,,,,,,,,,,,,,,
,,,,,,,,,,,,,,,,,,,,,,,,,,,,,,,,,,
,,,,,,,,,,,,,,,,,,,,,,,,,,,,,,,,,,
,,,,,,,,,,,,,,,,,,,,,,,,,,,,,,,,,,
,,,,,,,,,,,,,,,,,,,,,,,,,,,,,,,,,,
,,,,,,,,,,,,,,,,,,,,,,,,,,,,,,,,,,
,,,,,,,,,,,,,,,,,,,,,,,,,,,,,,,,,,
,,,,,,,,,,,,,,,,,,,,,,,,,,,,,,,,,,
,,,,,,,,,,,,,,,,,,,,,,,,,,,,,,,,,,
,,,,,,,,,,,,,,,,,,,,,,,,,,,,,,,,,,
,,,,,,,,,,,,,,,,,,,,,,,,,,,,,,,,,,
,,,,,,,,,,,,,,,,,,,,,,,,,,,,,,,,,,
,,,,,,,,,,,,,,,,,,,,,,,,,,,,,,,,,,
,,,,,,,,,,,,,,,,,,,,,,,,,,,,,,,,,,
,,,,,,,,,,,,,,,,,,,,,,,,,,,,,,,,,,
,,,,,,,,,,,,,,,,,,,,,,,,,,,,,,,,,,
,,,,,,,,,,,,,,,,,,,,,,,,,,,,,,,,,,
,,,,,,,,,,,,,,,,,,,,,,,,,,,,,,,,,,
,,,,,,,,,,,,,,,,,,,,,,,,,,,,,,,,,,
,,,,,,,,,,,,,,,,,,,,,,,,,,,,,,,,,,
,,,,,,,,,,,,,,,,,,,,,,,,,,,,,,,,,,
,,,,,,,,,,,,,,,,,,,,,,,,,,,,,,,,,,
,,,,,,,,,,,,,,,,,,,,,,,,,,,,,,,,,,
,,,,,,,,,,,,,,,,,,,,,,,,,,,,,,,,,,
,,,,,,,,,,,,,,,,,,,,,,,,,,,,,,,,,,
,,,,,,,,,,,,,,,,,,,,,,,,,,,,,,,,,,
,,,,,,,,,,,,,,,,,,,,,,,,,,,,,,,,,,
,,,,,,,,,,,,,,,,,,,,,,,,,,,,,,,,,,
,,,,,,,,,,,,,,,,,,,,,,,,,,,,,,,,,,
,,,,,,,,,,,,,,,,,,,,,,,,,,,,,,,,,,
,,,,,,,,,,,,,,,,,,,,,,,,,,,,,,,,,,
,,,,,,,,,,,,,,,,,,,,,,,,,,,,,,,,,,
,,,,,,,,,,,,,,,,,,,,,,,,,,,,,,,,,,
,,,,,,,,,,,,,,,,,,,,,,,,,,,,,,,,,,
,,,,,,,,,,,,,,,,,,,,,,,,,,,,,,,,,,
,,,,,,,,,,,,,,,,,,,,,,,,,,,,,,,,,,
,,,,,,,,,,,,,,,,,,,,,,,,,,,,,,,,,,
,,,,,,,,,,,,,,,,,,,,,,,,,,,,,,,,,,
,,,,,,,,,,,,,,,,,,,,,,,,,,,,,,,,,,
,,,,,,,,,,,,,,,,,,,,,,,,,,,,,,,,,,
,,,,,,,,,,,,,,,,,,,,,,,,,,,,,,,,,,
,,,,,,,,,,,,,,,,,,,,,,,,,,,,,,,,,,
,,,,,,,,,,,,,,,,,,,,,,,,,,,,,,,,,,
,,,,,,,,,,,,,,,,,,,,,,,,,,,,,,,,,,
,,,,,,,,,,,,,,,,,,,,,,,,,,,,,,,,,,
,,,,,,,,,,,,,,,,,,,,,,,,,,,,,,,,,,
,,,,,,,,,,,,,,,,,,,,,,,,,,,,,,,,,,
,,,,,,,,,,,,,,,,,,,,,,,,,,,,,,,,,,
,,,,,,,,,,,,,,,,,,,,,,,,,,,,,,,,,,
,,,,,,,,,,,,,,,,,,,,,,,,,,,,,,,,,,
,,,,,,,,,,,,,,,,,,,,,,,,,,,,,,,,,,
,,,,,,,,,,,,,,,,,,,,,,,,,,,,,,,,,,
,,,,,,,,,,,,,,,,,,,,,,,,,,,,,,,,,,
,,,,,,,,,,,,,,,,,,,,,,,,,,,,,,,,,,
,,,,,,,,,,,,,,,,,,,,,,,,,,,,,,,,,,
,,,,,,,,,,,,,,,,,,,,,,,,,,,,,,,,,,
,,,,,,,,,,,,,,,,,,,,,,,,,,,,,,,,,,
,,,,,,,,,,,,,,,,,,,,,,,,,,,,,,,,,,
,,,,,,,,,,,,,,,,,,,,,,,,,,,,,,,,,,
,,,,,,,,,,,,,,,,,,,,,,,,,,,,,,,,,,
,,,,,,,,,,,,,,,,,,,,,,,,,,,,,,,,,,
,,,,,,,,,,,,,,,,,,,,,,,,,,,,,,,,,,
,,,,,,,,,,,,,,,,,,,,,,,,,,,,,,,,,,
,,,,,,,,,,,,,,,,,,,,,,,,,,,,,,,,,,
,,,,,,,,,,,,,,,,,,,,,,,,,,,,,,,,,,
,,,,,,,,,,,,,,,,,,,,,,,,,,,,,,,,,,
,,,,,,,,,,,,,,,,,,,,,,,,,,,,,,,,,,
,,,,,,,,,,,,,,,,,,,,,,,,,,,,,,,,,,
,,,,,,,,,,,,,,,,,,,,,,,,,,,,,,,,,,
,,,,,,,,,,,,,,,,,,,,,,,,,,,,,,,,,,
,,,,,,,,,,,,,,,,,,,,,,,,,,,,,,,,,,
,,,,,,,,,,,,,,,,,,,,,,,,,,,,,,,,,,
,,,,,,,,,,,,,,,,,,,,,,,,,,,,,,,,,,
,,,,,,,,,,,,,,,,,,,,,,,,,,,,,,,,,,
,,,,,,,,,,,,,,,,,,,,,,,,,,,,,,,,,,
,,,,,,,,,,,,,,,,,,,,,,,,,,,,,,,,,,
,,,,,,,,,,,,,,,,,,,,,,,,,,,,,,,,,,
,,,,,,,,,,,,,,,,,,,,,,,,,,,,,,,,,,
,,,,,,,,,,,,,,,,,,,,,,,,,,,,,,,,,,
,,,,,,,,,,,,,,,,,,,,,,,,,,,,,,,,,,
,,,,,,,,,,,,,,,,,,,,,,,,,,,,,,,,,,
,,,,,,,,,,,,,,,,,,,,,,,,,,,,,,,,,,
,,,,,,,,,,,,,,,,,,,,,,,,,,,,,,,,,,
,,,,,,,,,,,,,,,,,,,,,,,,,,,,,,,,,,
,,,,,,,,,,,,,,,,,,,,,,,,,,,,,,,,,,
,,,,,,,,,,,,,,,,,,,,,,,,,,,,,,,,,,
,,,,,,,,,,,,,,,,,,,,,,,,,,,,,,,,,,
,,,,,,,,,,,,,,,,,,,,,,,,,,,,,,,,,,
,,,,,,,,,,,,,,,,,,,,,,,,,,,,,,,,,,
,,,,,,,,,,,,,,,,,,,,,,,,,,,,,,,,,,
,,,,,,,,,,,,,,,,,,,,,,,,,,,,,,,,,,
,,,,,,,,,,,,,,,,,,,,,,,,,,,,,,,,,,
,,,,,,,,,,,,,,,,,,,,,,,,,,,,,,,,,,
,,,,,,,,,,,,,,,,,,,,,,,,,,,,,,,,,,
,,,,,,,,,,,,,,,,,,,,,,,,,,,,,,,,,,
,,,,,,,,,,,,,,,,,,,,,,,,,,,,,,,,,,
,,,,,,,,,,,,,,,,,,,,,,,,,,,,,,,,,,
,,,,,,,,,,,,,,,,,,,,,,,,,,,,,,,,,,
,,,,,,,,,,,,,,,,,,,,,,,,,,,,,,,,,,
,,,,,,,,,,,,,,,,,,,,,,,,,,,,,,,,,,
,,,,,,,,,,,,,,,,,,,,,,,,,,,,,,,,,,
,,,,,,,,,,,,,,,,,,,,,,,,,,,,,,,,,,
,,,,,,,,,,,,,,,,,,,,,,,,,,,,,,,,,,
,,,,,,,,,,,,,,,,,,,,,,,,,,,,,,,,,,
,,,,,,,,,,,,,,,,,,,,,,,,,,,,,,,,,,
,,,,,,,,,,,,,,,,,,,,,,,,,,,,,,,,,,
,,,,,,,,,,,,,,,,,,,,,,,,,,,,,,,,,,
,,,,,,,,,,,,,,,,,,,,,,,,,,,,,,,,,,
,,,,,,,,,,,,,,,,,,,,,,,,,,,,,,,,,,
,,,,,,,,,,,,,,,,,,,,,,,,,,,,,,,,,,
,,,,,,,,,,,,,,,,,,,,,,,,,,,,,,,,,,
,,,,,,,,,,,,,,,,,,,,,,,,,,,,,,,,,,
,,,,,,,,,,,,,,,,,,,,,,,,,,,,,,,,,,
,,,,,,,,,,,,,,,,,,,,,,,,,,,,,,,,,,
,,,,,,,,,,,,,,,,,,,,,,,,,,,,,,,,,,
,,,,,,,,,,,,,,,,,,,,,,,,,,,,,,,,,,
,,,,,,,,,,,,,,,,,,,,,,,,,,,,,,,,,,
,,,,,,,,,,,,,,,,,,,,,,,,,,,,,,,,,,
,,,,,,,,,,,,,,,,,,,,,,,,,,,,,,,,,,
,,,,,,,,,,,,,,,,,,,,,,,,,,,,,,,,,,
,,,,,,,,,,,,,,,,,,,,,,,,,,,,,,,,,,
,,,,,,,,,,,,,,,,,,,,,,,,,,,,,,,,,,
,,,,,,,,,,,,,,,,,,,,,,,,,,,,,,,,,,
,,,,,,,,,,,,,,,,,,,,,,,,,,,,,,,,,,
,,,,,,,,,,,,,,,,,,,,,,,,,,,,,,,,,,
,,,,,,,,,,,,,,,,,,,,,,,,,,,,,,,,,,
,,,,,,,,,,,,,,,,,,,,,,,,,,,,,,,,,,
,,,,,,,,,,,,,,,,,,,,,,,,,,,,,,,,,,
,,,,,,,,,,,,,,,,,,,,,,,,,,,,,,,,,,
,,,,,,,,,,,,,,,,,,,,,,,,,,,,,,,,,,
,,,,,,,,,,,,,,,,,,,,,,,,,,,,,,,,,,
,,,,,,,,,,,,,,,,,,,,,,,,,,,,,,,,,,
,,,,,,,,,,,,,,,,,,,,,,,,,,,,,,,,,,
,,,,,,,,,,,,,,,,,,,,,,,,,,,,,,,,,,
,,,,,,,,,,,,,,,,,,,,,,,,,,,,,,,,,,
,,,,,,,,,,,,,,,,,,,,,,,,,,,,,,,,,,
,,,,,,,,,,,,,,,,,,,,,,,,,,,,,,,,,,
,,,,,,,,,,,,,,,,,,,,,,,,,,,,,,,,,,
,,,,,,,,,,,,,,,,,,,,,,,,,,,,,,,,,,
,,,,,,,,,,,,,,,,,,,,,,,,,,,,,,,,,,
,,,,,,,,,,,,,,,,,,,,,,,,,,,,,,,,,,
,,,,,,,,,,,,,,,,,,,,,,,,,,,,,,,,,,
,,,,,,,,,,,,,,,,,,,,,,,,,,,,,,,,,,
,,,,,,,,,,,,,,,,,,,,,,,,,,,,,,,,,,
,,,,,,,,,,,,,,,,,,,,,,,,,,,,,,,,,,
,,,,,,,,,,,,,,,,,,,,,,,,,,,,,,,,,,
,,,,,,,,,,,,,,,,,,,,,,,,,,,,,,,,,,
,,,,,,,,,,,,,,,,,,,,,,,,,,,,,,,,,,
,,,,,,,,,,,,,,,,,,,,,,,,,,,,,,,,,,
,,,,,,,,,,,,,,,,,,,,,,,,,,,,,,,,,,
,,,,,,,,,,,,,,,,,,,,,,,,,,,,,,,,,,
,,,,,,,,,,,,,,,,,,,,,,,,,,,,,,,,,,
,,,,,,,,,,,,,,,,,,,,,,,,,,,,,,,,,,
,,,,,,,,,,,,,,,,,,,,,,,,,,,,,,,,,,
,,,,,,,,,,,,,,,,,,,,,,,,,,,,,,,,,,
,,,,,,,,,,,,,,,,,,,,,,,,,,,,,,,,,,
,,,,,,,,,,,,,,,,,,,,,,,,,,,,,,,,,,
,,,,,,,,,,,,,,,,,,,,,,,,,,,,,,,,,,
,,,,,,,,,,,,,,,,,,,,,,,,,,,,,,,,,,
,,,,,,,,,,,,,,,,,,,,,,,,,,,,,,,,,,
,,,,,,,,,,,,,,,,,,,,,,,,,,,,,,,,,,
,,,,,,,,,,,,,,,,,,,,,,,,,,,,,,,,,,
,,,,,,,,,,,,,,,,,,,,,,,,,,,,,,,,,,
,,,,,,,,,,,,,,,,,,,,,,,,,,,,,,,,,,
,,,,,,,,,,,,,,,,,,,,,,,,,,,,,,,,,,
,,,,,,,,,,,,,,,,,,,,,,,,,,,,,,,,,,
,,,,,,,,,,,,,,,,,,,,,,,,,,,,,,,,,,
,,,,,,,,,,,,,,,,,,,,,,,,,,,,,,,,,,
,,,,,,,,,,,,,,,,,,,,,,,,,,,,,,,,,,
,,,,,,,,,,,,,,,,,,,,,,,,,,,,,,,,,,
,,,,,,,,,,,,,,,,,,,,,,,,,,,,,,,,,,
,,,,,,,,,,,,,,,,,,,,,,,,,,,,,,,,,,
,,,,,,,,,,,,,,,,,,,,,,,,,,,,,,,,,,
,,,,,,,,,,,,,,,,,,,,,,,,,,,,,,,,,,
,,,,,,,,,,,,,,,,,,,,,,,,,,,,,,,,,,
,,,,,,,,,,,,,,,,,,,,,,,,,,,,,,,,,,
,,,,,,,,,,,,,,,,,,,,,,,,,,,,,,,,,,
,,,,,,,,,,,,,,,,,,,,,,,,,,,,,,,,,,
,,,,,,,,,,,,,,,,,,,,,,,,,,,,,,,,,,
,,,,,,,,,,,,,,,,,,,,,,,,,,,,,,,,,,
,,,,,,,,,,,,,,,,,,,,,,,,,,,,,,,,,,
,,,,,,,,,,,,,,,,,,,,,,,,,,,,,,,,,,
,,,,,,,,,,,,,,,,,,,,,,,,,,,,,,,,,,
,,,,,,,,,,,,,,,,,,,,,,,,,,,,,,,,,,
,,,,,,,,,,,,,,,,,,,,,,,,,,,,,,,,,,
,,,,,,,,,,,,,,,,,,,,,,,,,,,,,,,,,,
,,,,,,,,,,,,,,,,,,,,,,,,,,,,,,,,,,
,,,,,,,,,,,,,,,,,,,,,,,,,,,,,,,,,,
,,,,,,,,,,,,,,,,,,,,,,,,,,,,,,,,,,
,,,,,,,,,,,,,,,,,,,,,,,,,,,,,,,,,,
,,,,,,,,,,,,,,,,,,,,,,,,,,,,,,,,,,
,,,,,,,,,,,,,,,,,,,,,,,,,,,,,,,,,,
,,,,,,,,,,,,,,,,,,,,,,,,,,,,,,,,,,
,,,,,,,,,,,,,,,,,,,,,,,,,,,,,,,,,,
,,,,,,,,,,,,,,,,,,,,,,,,,,,,,,,,,,
,,,,,,,,,,,,,,,,,,,,,,,,,,,,,,,,,,
,,,,,,,,,,,,,,,,,,,,,,,,,,,,,,,,,,
,,,,,,,,,,,,,,,,,,,,,,,,,,,,,,,,,,
,,,,,,,,,,,,,,,,,,,,,,,,,,,,,,,,,,
,,,,,,,,,,,,,,,,,,,,,,,,,,,,,,,,,,
,,,,,,,,,,,,,,,,,,,,,,,,,,,,,,,,,,
,,,,,,,,,,,,,,,,,,,,,,,,,,,,,,,,,,
,,,,,,,,,,,,,,,,,,,,,,,,,,,,,,,,,,
,,,,,,,,,,,,,,,,,,,,,,,,,,,,,,,,,,
,,,,,,,,,,,,,,,,,,,,,,,,,,,,,,,,,,
,,,,,,,,,,,,,,,,,,,,,,,,,,,,,,,,,,
,,,,,,,,,,,,,,,,,,,,,,,,,,,,,,,,,,
,,,,,,,,,,,,,,,,,,,,,,,,,,,,,,,,,,
,,,,,,,,,,,,,,,,,,,,,,,,,,,,,,,,,,
,,,,,,,,,,,,,,,,,,,,,,,,,,,,,,,,,,
,,,,,,,,,,,,,,,,,,,,,,,,,,,,,,,,,,
,,,,,,,,,,,,,,,,,,,,,,,,,,,,,,,,,,
,,,,,,,,,,,,,,,,,,,,,,,,,,,,,,,,,,
,,,,,,,,,,,,,,,,,,,,,,,,,,,,,,,,,,
,,,,,,,,,,,,,,,,,,,,,,,,,,,,,,,,,,
,,,,,,,,,,,,,,,,,,,,,,,,,,,,,,,,,,
,,,,,,,,,,,,,,,,,,,,,,,,,,,,,,,,,,
,,,,,,,,,,,,,,,,,,,,,,,,,,,,,,,,,,
,,,,,,,,,,,,,,,,,,,,,,,,,,,,,,,,,,
,,,,,,,,,,,,,,,,,,,,,,,,,,,,,,,,,,
,,,,,,,,,,,,,,,,,,,,,,,,,,,,,,,,,,
,,,,,,,,,,,,,,,,,,,,,,,,,,,,,,,,,,
,,,,,,,,,,,,,,,,,,,,,,,,,,,,,,,,,,
,,,,,,,,,,,,,,,,,,,,,,,,,,,,,,,,,,
,,,,,,,,,,,,,,,,,,,,,,,,,,,,,,,,,,
,,,,,,,,,,,,,,,,,,,,,,,,,,,,,,,,,,
,,,,,,,,,,,,,,,,,,,,,,,,,,,,,,,,,,
,,,,,,,,,,,,,,,,,,,,,,,,,,,,,,,,,,
,,,,,,,,,,,,,,,,,,,,,,,,,,,,,,,,,,
,,,,,,,,,,,,,,,,,,,,,,,,,,,,,,,,,,
,,,,,,,,,,,,,,,,,,,,,,,,,,,,,,,,,,
,,,,,,,,,,,,,,,,,,,,,,,,,,,,,,,,,,
,,,,,,,,,,,,,,,,,,,,,,,,,,,,,,,,,,
,,,,,,,,,,,,,,,,,,,,,,,,,,,,,,,,,,
,,,,,,,,,,,,,,,,,,,,,,,,,,,,,,,,,,
,,,,,,,,,,,,,,,,,,,,,,,,,,,,,,,,,,
,,,,,,,,,,,,,,,,,,,,,,,,,,,,,,,,,,
,,,,,,,,,,,,,,,,,,,,,,,,,,,,,,,,,,
,,,,,,,,,,,,,,,,,,,,,,,,,,,,,,,,,,
,,,,,,,,,,,,,,,,,,,,,,,,,,,,,,,,,,
,,,,,,,,,,,,,,,,,,,,,,,,,,,,,,,,,,
,,,,,,,,,,,,,,,,,,,,,,,,,,,,,,,,,,
,,,,,,,,,,,,,,,,,,,,,,,,,,,,,,,,,,
,,,,,,,,,,,,,,,,,,,,,,,,,,,,,,,,,,
,,,,,,,,,,,,,,,,,,,,,,,,,,,,,,,,,,
,,,,,,,,,,,,,,,,,,,,,,,,,,,,,,,,,,
,,,,,,,,,,,,,,,,,,,,,,,,,,,,,,,,,,
,,,,,,,,,,,,,,,,,,,,,,,,,,,,,,,,,,
,,,,,,,,,,,,,,,,,,,,,,,,,,,,,,,,,,
,,,,,,,,,,,,,,,,,,,,,,,,,,,,,,,,,,
,,,,,,,,,,,,,,,,,,,,,,,,,,,,,,,,,,
,,,,,,,,,,,,,,,,,,,,,,,,,,,,,,,,,,
,,,,,,,,,,,,,,,,,,,,,,,,,,,,,,,,,,
,,,,,,,,,,,,,,,,,,,,,,,,,,,,,,,,,,
,,,,,,,,,,,,,,,,,,,,,,,,,,,,,,,,,,
,,,,,,,,,,,,,,,,,,,,,,,,,,,,,,,,,,
,,,,,,,,,,,,,,,,,,,,,,,,,,,,,,,,,,
,,,,,,,,,,,,,,,,,,,,,,,,,,,,,,,,,,
,,,,,,,,,,,,,,,,,,,,,,,,,,,,,,,,,,
,,,,,,,,,,,,,,,,,,,,,,,,,,,,,,,,,,
,,,,,,,,,,,,,,,,,,,,,,,,,,,,,,,,,,
,,,,,,,,,,,,,,,,,,,,,,,,,,,,,,,,,,
,,,,,,,,,,,,,,,,,,,,,,,,,,,,,,,,,,
,,,,,,,,,,,,,,,,,,,,,,,,,,,,,,,,,,
,,,,,,,,,,,,,,,,,,,,,,,,,,,,,,,,,,
,,,,,,,,,,,,,,,,,,,,,,,,,,,,,,,,,,
,,,,,,,,,,,,,,,,,,,,,,,,,,,,,,,,,,
,,,,,,,,,,,,,,,,,,,,,,,,,,,,,,,,,,
,,,,,,,,,,,,,,,,,,,,,,,,,,,,,,,,,,
,,,,,,,,,,,,,,,,,,,,,,,,,,,,,,,,,,
,,,,,,,,,,,,,,,,,,,,,,,,,,,,,,,,,,
,,,,,,,,,,,,,,,,,,,,,,,,,,,,,,,,,,
,,,,,,,,,,,,,,,,,,,,,,,,,,,,,,,,,,
,,,,,,,,,,,,,,,,,,,,,,,,,,,,,,,,,,
,,,,,,,,,,,,,,,,,,,,,,,,,,,,,,,,,,
,,,,,,,,,,,,,,,,,,,,,,,,,,,,,,,,,,
,,,,,,,,,,,,,,,,,,,,,,,,,,,,,,,,,,
,,,,,,,,,,,,,,,,,,,,,,,,,,,,,,,,,,
,,,,,,,,,,,,,,,,,,,,,,,,,,,,,,,,,,
,,,,,,,,,,,,,,,,,,,,,,,,,,,,,,,,,,
,,,,,,,,,,,,,,,,,,,,,,,,,,,,,,,,,,
,,,,,,,,,,,,,,,,,,,,,,,,,,,,,,,,,,
,,,,,,,,,,,,,,,,,,,,,,,,,,,,,,,,,,
,,,,,,,,,,,,,,,,,,,,,,,,,,,,,,,,,,
,,,,,,,,,,,,,,,,,,,,,,,,,,,,,,,,,,
,,,,,,,,,,,,,,,,,,,,,,,,,,,,,,,,,,
,,,,,,,,,,,,,,,,,,,,,,,,,,,,,,,,,,
,,,,,,,,,,,,,,,,,,,,,,,,,,,,,,,,,,
,,,,,,,,,,,,,,,,,,,,,,,,,,,,,,,,,,
,,,,,,,,,,,,,,,,,,,,,,,,,,,,,,,,,,
,,,,,,,,,,,,,,,,,,,,,,,,,,,,,,,,,,
,,,,,,,,,,,,,,,,,,,,,,,,,,,,,,,,,,
,,,,,,,,,,,,,,,,,,,,,,,,,,,,,,,,,,
,,,,,,,,,,,,,,,,,,,,,,,,,,,,,,,,,,
,,,,,,,,,,,,,,,,,,,,,,,,,,,,,,,,,,
,,,,,,,,,,,,,,,,,,,,,,,,,,,,,,,,,,
,,,,,,,,,,,,,,,,,,,,,,,,,,,,,,,,,,
,,,,,,,,,,,,,,,,,,,,,,,,,,,,,,,,,,
,,,,,,,,,,,,,,,,,,,,,,,,,,,,,,,,,,
,,,,,,,,,,,,,,,,,,,,,,,,,,,,,,,,,,
,,,,,,,,,,,,,,,,,,,,,,,,,,,,,,,,,,
,,,,,,,,,,,,,,,,,,,,,,,,,,,,,,,,,,
,,,,,,,,,,,,,,,,,,,,,,,,,,,,,,,,,,
,,,,,,,,,,,,,,,,,,,,,,,,,,,,,,,,,,
,,,,,,,,,,,,,,,,,,,,,,,,,,,,,,,,,,
,,,,,,,,,,,,,,,,,,,,,,,,,,,,,,,,,,
,,,,,,,,,,,,,,,,,,,,,,,,,,,,,,,,,,
,,,,,,,,,,,,,,,,,,,,,,,,,,,,,,,,,,
,,,,,,,,,,,,,,,,,,,,,,,,,,,,,,,,,,
,,,,,,,,,,,,,,,,,,,,,,,,,,,,,,,,,,
,,,,,,,,,,,,,,,,,,,,,,,,,,,,,,,,,,
,,,,,,,,,,,,,,,,,,,,,,,,,,,,,,,,,,
,,,,,,,,,,,,,,,,,,,,,,,,,,,,,,,,,,
,,,,,,,,,,,,,,,,,,,,,,,,,,,,,,,,,,
,,,,,,,,,,,,,,,,,,,,,,,,,,,,,,,,,,
,,,,,,,,,,,,,,,,,,,,,,,,,,,,,,,,,,
,,,,,,,,,,,,,,,,,,,,,,,,,,,,,,,,,,
,,,,,,,,,,,,,,,,,,,,,,,,,,,,,,,,,,
,,,,,,,,,,,,,,,,,,,,,,,,,,,,,,,,,,
,,,,,,,,,,,,,,,,,,,,,,,,,,,,,,,,,,
,,,,,,,,,,,,,,,,,,,,,,,,,,,,,,,,,,
,,,,,,,,,,,,,,,,,,,,,,,,,,,,,,,,,,
,,,,,,,,,,,,,,,,,,,,,,,,,,,,,,,,,,
,,,,,,,,,,,,,,,,,,,,,,,,,,,,,,,,,,
,,,,,,,,,,,,,,,,,,,,,,,,,,,,,,,,,,
,,,,,,,,,,,,,,,,,,,,,,,,,,,,,,,,,,
,,,,,,,,,,,,,,,,,,,,,,,,,,,,,,,,,,
,,,,,,,,,,,,,,,,,,,,,,,,,,,,,,,,,,
,,,,,,,,,,,,,,,,,,,,,,,,,,,,,,,,,,
,,,,,,,,,,,,,,,,,,,,,,,,,,,,,,,,,,
,,,,,,,,,,,,,,,,,,,,,,,,,,,,,,,,,,
,,,,,,,,,,,,,,,,,,,,,,,,,,,,,,,,,,
,,,,,,,,,,,,,,,,,,,,,,,,,,,,,,,,,,
,,,,,,,,,,,,,,,,,,,,,,,,,,,,,,,,,,
,,,,,,,,,,,,,,,,,,,,,,,,,,,,,,,,,,
,,,,,,,,,,,,,,,,,,,,,,,,,,,,,,,,,,
,,,,,,,,,,,,,,,,,,,,,,,,,,,,,,,,,,
,,,,,,,,,,,,,,,,,,,,,,,,,,,,,,,,,,
,,,,,,,,,,,,,,,,,,,,,,,,,,,,,,,,,,
,,,,,,,,,,,,,,,,,,,,,,,,,,,,,,,,,,
,,,,,,,,,,,,,,,,,,,,,,,,,,,,,,,,,,
,,,,,,,,,,,,,,,,,,,,,,,,,,,,,,,,,,
,,,,,,,,,,,,,,,,,,,,,,,,,,,,,,,,,,
,,,,,,,,,,,,,,,,,,,,,,,,,,,,,,,,,,
,,,,,,,,,,,,,,,,,,,,,,,,,,,,,,,,,,
,,,,,,,,,,,,,,,,,,,,,,,,,,,,,,,,,,
,,,,,,,,,,,,,,,,,,,,,,,,,,,,,,,,,,
,,,,,,,,,,,,,,,,,,,,,,,,,,,,,,,,,,
,,,,,,,,,,,,,,,,,,,,,,,,,,,,,,,,,,
,,,,,,,,,,,,,,,,,,,,,,,,,,,,,,,,,,
,,,,,,,,,,,,,,,,,,,,,,,,,,,,,,,,,,
,,,,,,,,,,,,,,,,,,,,,,,,,,,,,,,,,,
,,,,,,,,,,,,,,,,,,,,,,,,,,,,,,,,,,
,,,,,,,,,,,,,,,,,,,,,,,,,,,,,,,,,,
,,,,,,,,,,,,,,,,,,,,,,,,,,,,,,,,,,
,,,,,,,,,,,,,,,,,,,,,,,,,,,,,,,,,,
,,,,,,,,,,,,,,,,,,,,,,,,,,,,,,,,,,
,,,,,,,,,,,,,,,,,,,,,,,,,,,,,,,,,,
,,,,,,,,,,,,,,,,,,,,,,,,,,,,,,,,,,
,,,,,,,,,,,,,,,,,,,,,,,,,,,,,,,,,,
,,,,,,,,,,,,,,,,,,,,,,,,,,,,,,,,,,
,,,,,,,,,,,,,,,,,,,,,,,,,,,,,,,,,,
,,,,,,,,,,,,,,,,,,,,,,,,,,,,,,,,,,
,,,,,,,,,,,,,,,,,,,,,,,,,,,,,,,,,,
,,,,,,,,,,,,,,,,,,,,,,,,,,,,,,,,,,
,,,,,,,,,,,,,,,,,,,,,,,,,,,,,,,,,,
,,,,,,,,,,,,,,,,,,,,,,,,,,,,,,,,,,
,,,,,,,,,,,,,,,,,,,,,,,,,,,,,,,,,,
,,,,,,,,,,,,,,,,,,,,,,,,,,,,,,,,,,
,,,,,,,,,,,,,,,,,,,,,,,,,,,,,,,,,,
,,,,,,,,,,,,,,,,,,,,,,,,,,,,,,,,,,
,,,,,,,,,,,,,,,,,,,,,,,,,,,,,,,,,,
,,,,,,,,,,,,,,,,,,,,,,,,,,,,,,,,,,
,,,,,,,,,,,,,,,,,,,,,,,,,,,,,,,,,,
,,,,,,,,,,,,,,,,,,,,,,,,,,,,,,,,,,
,,,,,,,,,,,,,,,,,,,,,,,,,,,,,,,,,,
,,,,,,,,,,,,,,,,,,,,,,,,,,,,,,,,,,
,,,,,,,,,,,,,,,,,,,,,,,,,,,,,,,,,,
,,,,,,,,,,,,,,,,,,,,,,,,,,,,,,,,,,
,,,,,,,,,,,,,,,,,,,,,,,,,,,,,,,,,,
,,,,,,,,,,,,,,,,,,,,,,,,,,,,,,,,,,
,,,,,,,,,,,,,,,,,,,,,,,,,,,,,,,,,,
,,,,,,,,,,,,,,,,,,,,,,,,,,,,,,,,,,
,,,,,,,,,,,,,,,,,,,,,,,,,,,,,,,,,,
,,,,,,,,,,,,,,,,,,,,,,,,,,,,,,,,,,
,,,,,,,,,,,,,,,,,,,,,,,,,,,,,,,,,,
,,,,,,,,,,,,,,,,,,,,,,,,,,,,,,,,,,
,,,,,,,,,,,,,,,,,,,,,,,,,,,,,,,,,,
,,,,,,,,,,,,,,,,,,,,,,,,,,,,,,,,,,
,,,,,,,,,,,,,,,,,,,,,,,,,,,,,,,,,,
,,,,,,,,,,,,,,,,,,,,,,,,,,,,,,,,,,
,,,,,,,,,,,,,,,,,,,,,,,,,,,,,,,,,,
,,,,,,,,,,,,,,,,,,,,,,,,,,,,,,,,,,
,,,,,,,,,,,,,,,,,,,,,,,,,,,,,,,,,,
,,,,,,,,,,,,,,,,,,,,,,,,,,,,,,,,,,
,,,,,,,,,,,,,,,,,,,,,,,,,,,,,,,,,,
,,,,,,,,,,,,,,,,,,,,,,,,,,,,,,,,,,
,,,,,,,,,,,,,,,,,,,,,,,,,,,,,,,,,,
,,,,,,,,,,,,,,,,,,,,,,,,,,,,,,,,,,
,,,,,,,,,,,,,,,,,,,,,,,,,,,,,,,,,,
,,,,,,,,,,,,,,,,,,,,,,,,,,,,,,,,,,
,,,,,,,,,,,,,,,,,,,,,,,,,,,,,,,,,,
,,,,,,,,,,,,,,,,,,,,,,,,,,,,,,,,,,
,,,,,,,,,,,,,,,,,,,,,,,,,,,,,,,,,,
,,,,,,,,,,,,,,,,,,,,,,,,,,,,,,,,,,
,,,,,,,,,,,,,,,,,,,,,,,,,,,,,,,,,,
,,,,,,,,,,,,,,,,,,,,,,,,,,,,,,,,,,
,,,,,,,,,,,,,,,,,,,,,,,,,,,,,,,,,,
,,,,,,,,,,,,,,,,,,,,,,,,,,,,,,,,,,
,,,,,,,,,,,,,,,,,,,,,,,,,,,,,,,,,,
,,,,,,,,,,,,,,,,,,,,,,,,,,,,,,,,,,
,,,,,,,,,,,,,,,,,,,,,,,,,,,,,,,,,,
,,,,,,,,,,,,,,,,,,,,,,,,,,,,,,,,,,
,,,,,,,,,,,,,,,,,,,,,,,,,,,,,,,,,,
,,,,,,,,,,,,,,,,,,,,,,,,,,,,,,,,,,
,,,,,,,,,,,,,,,,,,,,,,,,,,,,,,,,,,
,,,,,,,,,,,,,,,,,,,,,,,,,,,,,,,,,,
,,,,,,,,,,,,,,,,,,,,,,,,,,,,,,,,,,
,,,,,,,,,,,,,,,,,,,,,,,,,,,,,,,,,,
,,,,,,,,,,,,,,,,,,,,,,,,,,,,,,,,,,
,,,,,,,,,,,,,,,,,,,,,,,,,,,,,,,,,,
,,,,,,,,,,,,,,,,,,,,,,,,,,,,,,,,,,
,,,,,,,,,,,,,,,,,,,,,,,,,,,,,,,,,,
,,,,,,,,,,,,,,,,,,,,,,,,,,,,,,,,,,
,,,,,,,,,,,,,,,,,,,,,,,,,,,,,,,,,,
,,,,,,,,,,,,,,,,,,,,,,,,,,,,,,,,,,
,,,,,,,,,,,,,,,,,,,,,,,,,,,,,,,,,,
,,,,,,,,,,,,,,,,,,,,,,,,,,,,,,,,,,
,,,,,,,,,,,,,,,,,,,,,,,,,,,,,,,,,,
,,,,,,,,,,,,,,,,,,,,,,,,,,,,,,,,,,
,,,,,,,,,,,,,,,,,,,,,,,,,,,,,,,,,,
,,,,,,,,,,,,,,,,,,,,,,,,,,,,,,,,,,
,,,,,,,,,,,,,,,,,,,,,,,,,,,,,,,,,,
,,,,,,,,,,,,,,,,,,,,,,,,,,,,,,,,,,
,,,,,,,,,,,,,,,,,,,,,,,,,,,,,,,,,,
,,,,,,,,,,,,,,,,,,,,,,,,,,,,,,,,,,
,,,,,,,,,,,,,,,,,,,,,,,,,,,,,,,,,,
,,,,,,,,,,,,,,,,,,,,,,,,,,,,,,,,,,
,,,,,,,,,,,,,,,,,,,,,,,,,,,,,,,,,,
,,,,,,,,,,,,,,,,,,,,,,,,,,,,,,,,,,
,,,,,,,,,,,,,,,,,,,,,,,,,,,,,,,,,,
,,,,,,,,,,,,,,,,,,,,,,,,,,,,,,,,,,
,,,,,,,,,,,,,,,,,,,,,,,,,,,,,,,,,,
,,,,,,,,,,,,,,,,,,,,,,,,,,,,,,,,,,
,,,,,,,,,,,,,,,,,,,,,,,,,,,,,,,,,,
,,,,,,,,,,,,,,,,,,,,,,,,,,,,,,,,,,
,,,,,,,,,,,,,,,,,,,,,,,,,,,,,,,,,,
,,,,,,,,,,,,,,,,,,,,,,,,,,,,,,,,,,
,,,,,,,,,,,,,,,,,,,,,,,,,,,,,,,,,,
,,,,,,,,,,,,,,,,,,,,,,,,,,,,,,,,,,
,,,,,,,,,,,,,,,,,,,,,,,,,,,,,,,,,,
,,,,,,,,,,,,,,,,,,,,,,,,,,,,,,,,,,
,,,,,,,,,,,,,,,,,,,,,,,,,,,,,,,,,,
,,,,,,,,,,,,,,,,,,,,,,,,,,,,,,,,,,
,,,,,,,,,,,,,,,,,,,,,,,,,,,,,,,,,,
,,,,,,,,,,,,,,,,,,,,,,,,,,,,,,,,,,
,,,,,,,,,,,,,,,,,,,,,,,,,,,,,,,,,,
,,,,,,,,,,,,,,,,,,,,,,,,,,,,,,,,,,
,,,,,,,,,,,,,,,,,,,,,,,,,,,,,,,,,,
,,,,,,,,,,,,,,,,,,,,,,,,,,,,,,,,,,
,,,,,,,,,,,,,,,,,,,,,,,,,,,,,,,,,,
,,,,,,,,,,,,,,,,,,,,,,,,,,,,,,,,,,
,,,,,,,,,,,,,,,,,,,,,,,,,,,,,,,,,,
,,,,,,,,,,,,,,,,,,,,,,,,,,,,,,,,,,
,,,,,,,,,,,,,,,,,,,,,,,,,,,,,,,,,,
,,,,,,,,,,,,,,,,,,,,,,,,,,,,,,,,,,
,,,,,,,,,,,,,,,,,,,,,,,,,,,,,,,,,,
,,,,,,,,,,,,,,,,,,,,,,,,,,,,,,,,,,
,,,,,,,,,,,,,,,,,,,,,,,,,,,,,,,,,,
,,,,,,,,,,,,,,,,,,,,,,,,,,,,,,,,,,
,,,,,,,,,,,,,,,,,,,,,,,,,,,,,,,,,,
,,,,,,,,,,,,,,,,,,,,,,,,,,,,,,,,,,
,,,,,,,,,,,,,,,,,,,,,,,,,,,,,,,,,,
,,,,,,,,,,,,,,,,,,,,,,,,,,,,,,,,,,
,,,,,,,,,,,,,,,,,,,,,,,,,,,,,,,,,,
,,,,,,,,,,,,,,,,,,,,,,,,,,,,,,,,,,
,,,,,,,,,,,,,,,,,,,,,,,,,,,,,,,,,,
,,,,,,,,,,,,,,,,,,,,,,,,,,,,,,,,,,
,,,,,,,,,,,,,,,,,,,,,,,,,,,,,,,,,,
,,,,,,,,,,,,,,,,,,,,,,,,,,,,,,,,,,
,,,,,,,,,,,,,,,,,,,,,,,,,,,,,,,,,,
,,,,,,,,,,,,,,,,,,,,,,,,,,,,,,,,,,
,,,,,,,,,,,,,,,,,,,,,,,,,,,,,,,,,,
,,,,,,,,,,,,,,,,,,,,,,,,,,,,,,,,,,
,,,,,,,,,,,,,,,,,,,,,,,,,,,,,,,,,,
,,,,,,,,,,,,,,,,,,,,,,,,,,,,,,,,,,
,,,,,,,,,,,,,,,,,,,,,,,,,,,,,,,,,,
,,,,,,,,,,,,,,,,,,,,,,,,,,,,,,,,,,
,,,,,,,,,,,,,,,,,,,,,,,,,,,,,,,,,,
,,,,,,,,,,,,,,,,,,,,,,,,,,,,,,,,,,
,,,,,,,,,,,,,,,,,,,,,,,,,,,,,,,,,,
,,,,,,,,,,,,,,,,,,,,,,,,,,,,,,,,,,
,,,,,,,,,,,,,,,,,,,,,,,,,,,,,,,,,,
,,,,,,,,,,,,,,,,,,,,,,,,,,,,,,,,,,
,,,,,,,,,,,,,,,,,,,,,,,,,,,,,,,,,,
,,,,,,,,,,,,,,,,,,,,,,,,,,,,,,,,,,
,,,,,,,,,,,,,,,,,,,,,,,,,,,,,,,,,,
,,,,,,,,,,,,,,,,,,,,,,,,,,,,,,,,,,
,,,,,,,,,,,,,,,,,,,,,,,,,,,,,,,,,,
,,,,,,,,,,,,,,,,,,,,,,,,,,,,,,,,,,
,,,,,,,,,,,,,,,,,,,,,,,,,,,,,,,,,,
,,,,,,,,,,,,,,,,,,,,,,,,,,,,,,,,,,
,,,,,,,,,,,,,,,,,,,,,,,,,,,,,,,,,,
,,,,,,,,,,,,,,,,,,,,,,,,,,,,,,,,,,
,,,,,,,,,,,,,,,,,,,,,,,,,,,,,,,,,,
,,,,,,,,,,,,,,,,,,,,,,,,,,,,,,,,,,
,,,,,,,,,,,,,,,,,,,,,,,,,,,,,,,,,,
,,,,,,,,,,,,,,,,,,,,,,,,,,,,,,,,,,
,,,,,,,,,,,,,,,,,,,,,,,,,,,,,,,,,,
,,,,,,,,,,,,,,,,,,,,,,,,,,,,,,,,,,
,,,,,,,,,,,,,,,,,,,,,,,,,,,,,,,,,,
,,,,,,,,,,,,,,,,,,,,,,,,,,,,,,,,,,
,,,,,,,,,,,,,,,,,,,,,,,,,,,,,,,,,,
,,,,,,,,,,,,,,,,,,,,,,,,,,,,,,,,,,
,,,,,,,,,,,,,,,,,,,,,,,,,,,,,,,,,,
,,,,,,,,,,,,,,,,,,,,,,,,,,,,,,,,,,
,,,,,,,,,,,,,,,,,,,,,,,,,,,,,,,,,,
,,,,,,,,,,,,,,,,,,,,,,,,,,,,,,,,,,
,,,,,,,,,,,,,,,,,,,,,,,,,,,,,,,,,,
,,,,,,,,,,,,,,,,,,,,,,,,,,,,,,,,,,
,,,,,,,,,,,,,,,,,,,,,,,,,,,,,,,,,,
,,,,,,,,,,,,,,,,,,,,,,,,,,,,,,,,,,
,,,,,,,,,,,,,,,,,,,,,,,,,,,,,,,,,,
,,,,,,,,,,,,,,,,,,,,,,,,,,,,,,,,,,
,,,,,,,,,,,,,,,,,,,,,,,,,,,,,,,,,,
,,,,,,,,,,,,,,,,,,,,,,,,,,,,,,,,,,
,,,,,,,,,,,,,,,,,,,,,,,,,,,,,,,,,,
,,,,,,,,,,,,,,,,,,,,,,,,,,,,,,,,,,
,,,,,,,,,,,,,,,,,,,,,,,,,,,,,,,,,,
,,,,,,,,,,,,,,,,,,,,,,,,,,,,,,,,,,
,,,,,,,,,,,,,,,,,,,,,,,,,,,,,,,,,,
,,,,,,,,,,,,,,,,,,,,,,,,,,,,,,,,,,
,,,,,,,,,,,,,,,,,,,,,,,,,,,,,,,,,,
,,,,,,,,,,,,,,,,,,,,,,,,,,,,,,,,,,
,,,,,,,,,,,,,,,,,,,,,,,,,,,,,,,,,,
,,,,,,,,,,,,,,,,,,,,,,,,,,,,,,,,,,
,,,,,,,,,,,,,,,,,,,,,,,,,,,,,,,,,,
,,,,,,,,,,,,,,,,,,,,,,,,,,,,,,,,,,
,,,,,,,,,,,,,,,,,,,,,,,,,,,,,,,,,,
,,,,,,,,,,,,,,,,,,,,,,,,,,,,,,,,,,
,,,,,,,,,,,,,,,,,,,,,,,,,,,,,,,,,,
,,,,,,,,,,,,,,,,,,,,,,,,,,,,,,,,,,
,,,,,,,,,,,,,,,,,,,,,,,,,,,,,,,,,,
,,,,,,,,,,,,,,,,,,,,,,,,,,,,,,,,,,
,,,,,,,,,,,,,,,,,,,,,,,,,,,,,,,,,,
,,,,,,,,,,,,,,,,,,,,,,,,,,,,,,,,,,
,,,,,,,,,,,,,,,,,,,,,,,,,,,,,,,,,,
,,,,,,,,,,,,,,,,,,,,,,,,,,,,,,,,,,
,,,,,,,,,,,,,,,,,,,,,,,,,,,,,,,,,,
,,,,,,,,,,,,,,,,,,,,,,,,,,,,,,,,,,
,,,,,,,,,,,,,,,,,,,,,,,,,,,,,,,,,,
,,,,,,,,,,,,,,,,,,,,,,,,,,,,,,,,,,
,,,,,,,,,,,,,,,,,,,,,,,,,,,,,,,,,,
,,,,,,,,,,,,,,,,,,,,,,,,,,,,,,,,,,
,,,,,,,,,,,,,,,,,,,,,,,,,,,,,,,,,,
,,,,,,,,,,,,,,,,,,,,,,,,,,,,,,,,,,
,,,,,,,,,,,,,,,,,,,,,,,,,,,,,,,,,,
,,,,,,,,,,,,,,,,,,,,,,,,,,,,,,,,,,
,,,,,,,,,,,,,,,,,,,,,,,,,,,,,,,,,,
,,,,,,,,,,,,,,,,,,,,,,,,,,,,,,,,,,
,,,,,,,,,,,,,,,,,,,,,,,,,,,,,,,,,,
,,,,,,,,,,,,,,,,,,,,,,,,,,,,,,,,,,
,,,,,,,,,,,,,,,,,,,,,,,,,,,,,,,,,,
,,,,,,,,,,,,,,,,,,,,,,,,,,,,,,,,,,
,,,,,,,,,,,,,,,,,,,,,,,,,,,,,,,,,,
,,,,,,,,,,,,,,,,,,,,,,,,,,,,,,,,,,
,,,,,,,,,,,,,,,,,,,,,,,,,,,,,,,,,,
,,,,,,,,,,,,,,,,,,,,,,,,,,,,,,,,,,
,,,,,,,,,,,,,,,,,,,,,,,,,,,,,,,,,,
,,,,,,,,,,,,,,,,,,,,,,,,,,,,,,,,,,
,,,,,,,,,,,,,,,,,,,,,,,,,,,,,,,,,,
,,,,,,,,,,,,,,,,,,,,,,,,,,,,,,,,,,
,,,,,,,,,,,,,,,,,,,,,,,,,,,,,,,,,,
,,,,,,,,,,,,,,,,,,,,,,,,,,,,,,,,,,
,,,,,,,,,,,,,,,,,,,,,,,,,,,,,,,,,,
,,,,,,,,,,,,,,,,,,,,,,,,,,,,,,,,,,
